x,f(x)one,df(x)one,f(x)two,df(x)two,f(x)three,df(x)three
0,0,0,0,0,0,0
0.001,0,1e-06,5.015e-07,1.5e-06,6.68167e-07,1.5e-06
0.002,0,3e-06,1.5055e-06,4e-06,1.83883e-06,4e-06
0.003,6e-09,6e-06,3.013e-06,7.5e-06,3.513e-06,7.5e-06
0.004,6e-09,1e-05,5.025e-06,1.2e-05,5.69167e-06,1.2e-05
0.005,2.1e-08,1.5e-05,7.5425e-06,1.75e-05,8.37583e-06,1.75e-05
0.006,4.2e-08,2.1e-05,1.05665e-05,2.4e-05,1.15665e-05,2.4e-05
0.007,7e-08,2.8e-05,1.4098e-05,3.15e-05,1.52647e-05,3.15e-05
0.008,7e-08,3.6e-05,1.8138e-05,4e-05,1.94713e-05,4e-05
0.009,1.15e-07,4.5e-05,2.26875e-05,4.95e-05,2.41875e-05,4.95e-05
0.01,1.7e-07,5.5e-05,2.77475e-05,6e-05,2.94142e-05,6e-05
0.011,2.36e-07,6.6e-05,3.3319e-05,7.15e-05,3.51523e-05,7.15e-05
0.012,3.14e-07,7.8e-05,3.9403e-05,8.4e-05,4.1403e-05,8.4e-05
0.013,4.05e-07,9.1e-05,4.60005e-05,9.75e-05,4.81672e-05,9.75e-05
0.014,5.1e-07,0.000105,5.31125e-05,0.000112,5.54458e-05,0.000112
0.015,6.3e-07,0.00012,6.074e-05,0.0001275,6.324e-05,0.0001275
0.016,6.3e-07,0.000136,6.8884e-05,0.000144,7.15507e-05,0.000144
0.017,7.83e-07,0.000153,7.75455e-05,0.0001615,8.03788e-05,0.0001615
0.018,9.54e-07,0.000171,8.67255e-05,0.00018,8.97255e-05,0.00018
0.019,1.144e-06,0.00019,9.6425e-05,0.0001995,9.95917e-05,0.0001995
0.02,1.354e-06,0.00021,0.000106645,0.00022,0.000109978,0.00022
0.021,1.585e-06,0.000231,0.000117387,0.0002415,0.000120887,0.0002415
0.022,1.838e-06,0.000253,0.000128651,0.000264,0.000132317,0.000264
0.023,2.114e-06,0.000276,0.000140438,0.0002875,0.000144271,0.0002875
0.024,2.414e-06,0.0003,0.00015275,0.000312,0.00015675,0.000312
0.025,2.739e-06,0.000325,0.000165588,0.0003375,0.000169754,0.0003375
0.026,3.09e-06,0.000351,0.000178952,0.000364,0.000183285,0.000364
0.027,3.468e-06,0.000378,0.000192843,0.0003915,0.000197343,0.0003915
0.028,3.874e-06,0.000406,0.000207263,0.00042,0.00021193,0.00042
0.029,4.309e-06,0.000435,0.000222213,0.0004495,0.000227046,0.0004495
0.03,4.774e-06,0.000465,0.000237693,0.00048,0.000242693,0.00048
0.031,5.27e-06,0.000496,0.000253704,0.0005115,0.000258871,0.0005115
0.032,5.27e-06,0.000528,0.000270248,0.000544,0.000275581,0.000544
0.033,5.831e-06,0.000561,0.000287326,0.0005775,0.000292826,0.0005775
0.034,6.426e-06,0.000595,0.000304938,0.000612,0.000310604,0.000612
0.035,7.056e-06,0.00063,0.000323085,0.0006475,0.000328918,0.0006475
0.036,7.722e-06,0.000666,0.000341769,0.000684,0.000347769,0.000684
0.037,8.425e-06,0.000703,0.000360991,0.0007215,0.000367157,0.0007215
0.038,9.166e-06,0.000741,0.000380751,0.00076,0.000387084,0.00076
0.039,9.946e-06,0.00078,0.00040105,0.0007995,0.00040755,0.0007995
0.04,1.0766e-05,0.00082,0.00042189,0.00084,0.000428557,0.00084
0.041,1.1627e-05,0.000861,0.000443272,0.0008815,0.000450105,0.0008815
0.042,1.253e-05,0.000903,0.000465196,0.000924,0.000472196,0.000924
0.043,1.3476e-05,0.000946,0.000487663,0.0009675,0.00049483,0.0009675
0.044,1.4466e-05,0.00099,0.000510675,0.001012,0.000518008,0.001012
0.045,1.5501e-05,0.001035,0.000534233,0.0010575,0.000541733,0.0010575
0.046,1.6582e-05,0.001081,0.000558337,0.001104,0.000566003,0.001104
0.047,1.771e-05,0.001128,0.000582988,0.0011515,0.000590821,0.0011515
0.048,1.8886e-05,0.001176,0.000608188,0.0012,0.000616188,0.0012
0.049,2.0111e-05,0.001225,0.000633938,0.0012495,0.000642104,0.0012495
0.05,2.1386e-05,0.001275,0.000660238,0.0013,0.000668571,0.0013
0.051,2.2712e-05,0.001326,0.000687089,0.0013515,0.000695589,0.0013515
0.052,2.409e-05,0.001378,0.000714493,0.001404,0.00072316,0.001404
0.053,2.5521e-05,0.001431,0.000742451,0.0014575,0.000751284,0.0014575
0.054,2.7006e-05,0.001485,0.000770963,0.001512,0.000779963,0.001512
0.055,2.8546e-05,0.00154,0.00080003,0.0015675,0.000809197,0.0015675
0.056,3.0142e-05,0.001596,0.000829654,0.001624,0.000838987,0.001624
0.057,3.1795e-05,0.001653,0.000859836,0.0016815,0.000869336,0.0016815
0.058,3.3506e-05,0.001711,0.000890576,0.00174,0.000900242,0.00174
0.059,3.5276e-05,0.00177,0.000921875,0.0017995,0.000931708,0.0017995
0.06,3.7106e-05,0.00183,0.000953735,0.00186,0.000963735,0.00186
0.061,3.8997e-05,0.001891,0.000986157,0.0019215,0.000996323,0.0019215
0.062,4.095e-05,0.001953,0.00101914,0.001984,0.00102947,0.001984
0.063,4.2966e-05,0.002016,0.00105269,0.0020475,0.00106319,0.0020475
0.064,4.2966e-05,0.00208,0.0010868,0.002112,0.00109747,0.002112
0.065,4.5111e-05,0.002145,0.00112148,0.0021775,0.00113231,0.0021775
0.066,4.7322e-05,0.002211,0.00115672,0.002244,0.00116772,0.002244
0.067,4.96e-05,0.002278,0.00119253,0.0023115,0.0012037,0.0023115
0.068,5.1946e-05,0.002346,0.00122891,0.00238,0.00124025,0.00238
0.069,5.4361e-05,0.002415,0.00126586,0.0024495,0.00127736,0.0024495
0.07,5.6846e-05,0.002485,0.00130338,0.00252,0.00131505,0.00252
0.071,5.9402e-05,0.002556,0.00134147,0.0025915,0.00135331,0.0025915
0.072,6.203e-05,0.002628,0.00138014,0.002664,0.00139214,0.002664
0.073,6.4731e-05,0.002701,0.00141938,0.0027375,0.00143154,0.0027375
0.074,6.7506e-05,0.002775,0.00145919,0.002812,0.00147152,0.002812
0.075,7.0356e-05,0.00285,0.00149958,0.0028875,0.00151208,0.0028875
0.076,7.3282e-05,0.002926,0.00154054,0.002964,0.00155321,0.002964
0.077,7.6285e-05,0.003003,0.00158208,0.0030415,0.00159491,0.0030415
0.078,7.9366e-05,0.003081,0.0016242,0.00312,0.0016372,0.00312
0.079,8.2526e-05,0.00316,0.0016669,0.0031995,0.00168007,0.0031995
0.08,8.5766e-05,0.00324,0.00171018,0.00328,0.00172351,0.00328
0.081,8.9087e-05,0.003321,0.00175404,0.0033615,0.00176754,0.0033615
0.082,9.249e-05,0.003403,0.00179849,0.003444,0.00181215,0.003444
0.083,9.5976e-05,0.003486,0.00184351,0.0035275,0.00185735,0.0035275
0.084,9.9546e-05,0.00357,0.00188913,0.003612,0.00190313,0.003612
0.085,0.000103201,0.003655,0.00193532,0.0036975,0.00194949,0.0036975
0.086,0.000106942,0.003741,0.00198211,0.003784,0.00199644,0.003784
0.087,0.00011077,0.003828,0.00202948,0.0038715,0.00204398,0.0038715
0.088,0.000114686,0.003916,0.00207744,0.00396,0.0020921,0.00396
0.089,0.000118691,0.004005,0.00212599,0.0040495,0.00214082,0.0040495
0.09,0.000122786,0.004095,0.00217513,0.00414,0.00219013,0.00414
0.091,0.000126972,0.004186,0.00222486,0.0042315,0.00224003,0.0042315
0.092,0.00013125,0.004278,0.00227518,0.004324,0.00229052,0.004324
0.093,0.000135621,0.004371,0.0023261,0.0044175,0.0023416,0.0044175
0.094,0.000140086,0.004465,0.00237761,0.004512,0.00239328,0.004512
0.095,0.000144646,0.00456,0.00242972,0.0046075,0.00244555,0.0046075
0.096,0.000149302,0.004656,0.00248242,0.004704,0.00249842,0.004704
0.097,0.000154055,0.004753,0.00253573,0.0048015,0.00255189,0.0048015
0.098,0.000158906,0.004851,0.00258963,0.0049,0.00260596,0.0049
0.099,0.000163856,0.00495,0.00264413,0.0049995,0.00266063,0.0049995
0.1,0.000168906,0.00505,0.00269923,0.0051,0.00271589,0.0051
0.101,0.000174057,0.005151,0.00275493,0.0052015,0.00277176,0.0052015
0.102,0.00017931,0.005253,0.00281123,0.005304,0.00282823,0.005304
0.103,0.000184666,0.005356,0.00286814,0.0054075,0.0028853,0.0054075
0.104,0.000190126,0.00546,0.00292565,0.005512,0.00294298,0.005512
0.105,0.000195691,0.005565,0.00298377,0.0056175,0.00300127,0.0056175
0.106,0.000201362,0.005671,0.00304249,0.005724,0.00306016,0.005724
0.107,0.00020714,0.005778,0.00310182,0.0058315,0.00311966,0.0058315
0.108,0.000213026,0.005886,0.00316176,0.00594,0.00317976,0.00594
0.109,0.000219021,0.005995,0.00322231,0.0060495,0.00324048,0.0060495
0.11,0.000225126,0.006105,0.00328347,0.00616,0.00330181,0.00616
0.111,0.000231342,0.006216,0.00334524,0.0062715,0.00336374,0.0062715
0.112,0.00023767,0.006328,0.00340763,0.006384,0.00342629,0.006384
0.113,0.000244111,0.006441,0.00347063,0.0064975,0.00348946,0.0064975
0.114,0.000250666,0.006555,0.00353424,0.006612,0.00355324,0.006612
0.115,0.000257336,0.00667,0.00359847,0.0067275,0.00361763,0.0067275
0.116,0.000264122,0.006786,0.00366331,0.006844,0.00368264,0.006844
0.117,0.000271025,0.006903,0.00372877,0.0069615,0.00374827,0.0069615
0.118,0.000278046,0.007021,0.00379485,0.00708,0.00381452,0.00708
0.119,0.000285186,0.00714,0.00386155,0.0071995,0.00388138,0.0071995
0.12,0.000292446,0.00726,0.00392887,0.00732,0.00394887,0.00732
0.121,0.000299827,0.007381,0.00399681,0.0074415,0.00401698,0.0074415
0.122,0.00030733,0.007503,0.00406538,0.007564,0.00408571,0.007564
0.123,0.000314956,0.007626,0.00413456,0.0076875,0.00415506,0.0076875
0.124,0.000322706,0.00775,0.00420438,0.007812,0.00422504,0.007812
0.125,0.000330581,0.007875,0.00427481,0.0079375,0.00429565,0.0079375
0.126,0.000338582,0.008001,0.00434588,0.008064,0.00436688,0.008064
0.127,0.00034671,0.008128,0.00441757,0.0081915,0.00443873,0.0081915
0.128,0.00034671,0.008256,0.00448989,0.00832,0.00451122,0.00832
0.129,0.000355095,0.008385,0.00456284,0.0084495,0.00458434,0.0084495
0.13,0.00036361,0.008515,0.00463642,0.00858,0.00465808,0.00858
0.131,0.000372256,0.008646,0.00471063,0.0087115,0.00473246,0.0087115
0.132,0.000381034,0.008778,0.00478547,0.008844,0.00480747,0.008844
0.133,0.000389945,0.008911,0.00486095,0.0089775,0.00488312,0.0089775
0.134,0.00039899,0.009045,0.00493706,0.009112,0.0049594,0.009112
0.135,0.00040817,0.00918,0.00501381,0.0092475,0.00503631,0.0092475
0.136,0.000417486,0.009316,0.00509119,0.009384,0.00511386,0.009384
0.137,0.000426939,0.009453,0.00516922,0.0095215,0.00519205,0.0095215
0.138,0.00043653,0.009591,0.00524788,0.00966,0.00527088,0.00966
0.139,0.00044626,0.00973,0.00532718,0.0097995,0.00535034,0.0097995
0.14,0.00045613,0.00987,0.00540712,0.00994,0.00543045,0.00994
0.141,0.000466141,0.010011,0.0054877,0.0100815,0.0055112,0.0100815
0.142,0.000476294,0.010153,0.00556892,0.010224,0.00559259,0.010224
0.143,0.00048659,0.010296,0.00565079,0.0103675,0.00567462,0.0103675
0.144,0.00049703,0.01044,0.0057333,0.010512,0.0057573,0.010512
0.145,0.000507615,0.010585,0.00581646,0.0106575,0.00584062,0.0106575
0.146,0.000518346,0.010731,0.00590026,0.010804,0.00592459,0.010804
0.147,0.000529224,0.010878,0.00598471,0.0109515,0.00600921,0.0109515
0.148,0.00054025,0.011026,0.00606981,0.0111,0.00609448,0.0111
0.149,0.000551425,0.011175,0.00615556,0.0112495,0.0061804,0.0112495
0.15,0.00056275,0.011325,0.00624196,0.0114,0.00626696,0.0114
0.151,0.000574226,0.011476,0.00632901,0.0115515,0.00635418,0.0115515
0.152,0.000585854,0.011628,0.00641672,0.011704,0.00644205,0.011704
0.153,0.000597635,0.011781,0.00650508,0.0118575,0.00653058,0.0118575
0.154,0.00060957,0.011935,0.00659409,0.012012,0.00661975,0.012012
0.155,0.00062166,0.01209,0.00668376,0.0121675,0.00670959,0.0121675
0.156,0.000633906,0.012246,0.00677408,0.012324,0.00680008,0.012324
0.157,0.000646309,0.012403,0.00686506,0.0124815,0.00689123,0.0124815
0.158,0.00065887,0.012561,0.0069567,0.01264,0.00698303,0.01264
0.159,0.00067159,0.01272,0.007049,0.0127995,0.0070755,0.0127995
0.16,0.00068447,0.01288,0.00714196,0.01296,0.00716863,0.01296
0.161,0.000697511,0.013041,0.00723558,0.0131215,0.00726241,0.0131215
0.162,0.000710714,0.013203,0.00732987,0.013284,0.00735687,0.013284
0.163,0.00072408,0.013366,0.00742481,0.0134475,0.00745198,0.0134475
0.164,0.00073761,0.01353,0.00752043,0.013612,0.00754776,0.013612
0.165,0.000751305,0.013695,0.0076167,0.0137775,0.0076442,0.0137775
0.166,0.000765166,0.013861,0.00771365,0.013944,0.00774131,0.013944
0.167,0.000779194,0.014028,0.00781126,0.0141115,0.00783909,0.0141115
0.168,0.00079339,0.014196,0.00790954,0.01428,0.00793754,0.01428
0.169,0.000807755,0.014365,0.00800849,0.0144495,0.00803665,0.0144495
0.17,0.00082229,0.014535,0.00810811,0.01462,0.00813644,0.01462
0.171,0.000836996,0.014706,0.0082084,0.0147915,0.0082369,0.0147915
0.172,0.000851874,0.014878,0.00830936,0.014964,0.00833803,0.014964
0.173,0.000866925,0.015051,0.008411,0.0151375,0.00843983,0.0151375
0.174,0.00088215,0.015225,0.00851331,0.015312,0.00854231,0.015312
0.175,0.00089755,0.0154,0.0086163,0.0154875,0.00864547,0.0154875
0.176,0.000913126,0.015576,0.00871996,0.015664,0.0087493,0.015664
0.177,0.000928879,0.015753,0.00882431,0.0158415,0.00885381,0.0158415
0.178,0.00094481,0.015931,0.00892933,0.01602,0.00895899,0.01602
0.179,0.00096092,0.01611,0.00903503,0.0161995,0.00906486,0.0161995
0.18,0.00097721,0.01629,0.00914141,0.01638,0.00917141,0.01638
0.181,0.000993681,0.016471,0.00924847,0.0165615,0.00927863,0.0165615
0.182,0.00101033,0.016653,0.00935621,0.016744,0.00938654,0.016744
0.183,0.00102717,0.016836,0.00946464,0.0169275,0.00949514,0.0169275
0.184,0.00104419,0.01702,0.00957375,0.017112,0.00960442,0.017112
0.185,0.0010614,0.017205,0.00968355,0.0172975,0.00971438,0.0172975
0.186,0.00107879,0.017391,0.00979403,0.017484,0.00982503,0.017484
0.187,0.00109636,0.017578,0.0099052,0.0176715,0.00993637,0.0176715
0.188,0.00111413,0.017766,0.0100171,0.01786,0.0100484,0.01786
0.189,0.00113209,0.017955,0.0101296,0.0180495,0.0101611,0.0180495
0.19,0.00115023,0.018145,0.0102429,0.01824,0.0102745,0.01824
0.191,0.00116857,0.018336,0.0103568,0.0184315,0.0103886,0.0184315
0.192,0.00118709,0.018528,0.0104714,0.018624,0.0105034,0.018624
0.193,0.00120582,0.018721,0.0105867,0.0188175,0.0106189,0.0188175
0.194,0.00122473,0.018915,0.0107027,0.019012,0.0107351,0.019012
0.195,0.00124384,0.01911,0.0108194,0.0192075,0.0108519,0.0192075
0.196,0.00126315,0.019306,0.0109368,0.019404,0.0109695,0.019404
0.197,0.00128265,0.019503,0.011055,0.0196015,0.0110878,0.0196015
0.198,0.00130235,0.019701,0.0111738,0.0198,0.0112068,0.0198
0.199,0.00132225,0.0199,0.0112933,0.0199995,0.0113264,0.0199995
0.2,0.00134235,0.0201,0.0114135,0.0202,0.0114468,0.0202
0.201,0.00136265,0.020301,0.0115344,0.0204015,0.0115679,0.0204015
0.202,0.00138315,0.020503,0.011656,0.020604,0.0116896,0.020604
0.203,0.00140386,0.020706,0.0117783,0.0208075,0.0118121,0.0208075
0.204,0.00142477,0.02091,0.0119013,0.021012,0.0119353,0.021012
0.205,0.00144589,0.021115,0.012025,0.0212175,0.0120592,0.0212175
0.206,0.00146721,0.021321,0.0121494,0.021424,0.0121837,0.021424
0.207,0.00148873,0.021528,0.0122745,0.0216315,0.012309,0.0216315
0.208,0.00151047,0.021736,0.0124004,0.02184,0.0124351,0.02184
0.209,0.00153242,0.021945,0.0125269,0.0220495,0.0125618,0.0220495
0.21,0.00155457,0.022155,0.0126542,0.02226,0.0126892,0.02226
0.211,0.00157694,0.022366,0.0127822,0.0224715,0.0128173,0.0224715
0.212,0.00159951,0.022578,0.0129109,0.022684,0.0129462,0.022684
0.213,0.00162231,0.022791,0.0130403,0.0228975,0.0130758,0.0228975
0.214,0.00164531,0.023005,0.0131704,0.023112,0.013206,0.023112
0.215,0.00166853,0.02322,0.0133012,0.0233275,0.013337,0.0233275
0.216,0.00169197,0.023436,0.0134327,0.023544,0.0134687,0.023544
0.217,0.00171562,0.023653,0.013565,0.0237615,0.0136012,0.0237615
0.218,0.00173949,0.023871,0.013698,0.02398,0.0137343,0.02398
0.219,0.00176358,0.02409,0.0138317,0.0241995,0.0138682,0.0241995
0.22,0.00178789,0.02431,0.0139661,0.02442,0.0140028,0.02442
0.221,0.00181242,0.024531,0.0141012,0.0246415,0.0141381,0.0246415
0.222,0.00183717,0.024753,0.0142371,0.024864,0.0142741,0.024864
0.223,0.00186215,0.024976,0.0143737,0.0250875,0.0144109,0.0250875
0.224,0.00188735,0.0252,0.014511,0.025312,0.0145483,0.025312
0.225,0.00191278,0.025425,0.014649,0.0255375,0.0146865,0.0255375
0.226,0.00193843,0.025651,0.0147878,0.025764,0.0148255,0.025764
0.227,0.0019643,0.025878,0.0149273,0.0259915,0.0149651,0.0259915
0.228,0.00199041,0.026106,0.0150675,0.02622,0.0151055,0.02622
0.229,0.00201675,0.026335,0.0152085,0.0264495,0.0152466,0.0264495
0.23,0.00204331,0.026565,0.0153501,0.02668,0.0153885,0.02668
0.231,0.00207011,0.026796,0.0154926,0.0269115,0.0155311,0.0269115
0.232,0.00209713,0.027028,0.0156357,0.027144,0.0156744,0.027144
0.233,0.0021244,0.027261,0.0157796,0.0273775,0.0158184,0.0273775
0.234,0.00215189,0.027495,0.0159242,0.027612,0.0159632,0.027612
0.235,0.00217962,0.02773,0.0160695,0.0278475,0.0161087,0.0278475
0.236,0.00220759,0.027966,0.0162156,0.028084,0.016255,0.028084
0.237,0.00223579,0.028203,0.0163624,0.0283215,0.0164019,0.0283215
0.238,0.00226423,0.028441,0.01651,0.02856,0.0165497,0.02856
0.239,0.00229291,0.02868,0.0166583,0.0287995,0.0166981,0.0287995
0.24,0.00232183,0.02892,0.0168073,0.02904,0.0168473,0.02904
0.241,0.00235099,0.029161,0.0169571,0.0292815,0.0169973,0.0292815
0.242,0.00238039,0.029403,0.0171076,0.029524,0.017148,0.029524
0.243,0.00241004,0.029646,0.0172589,0.0297675,0.0172994,0.0297675
0.244,0.00243993,0.02989,0.0174109,0.030012,0.0174516,0.030012
0.245,0.00247007,0.030135,0.0175637,0.0302575,0.0176045,0.0302575
0.246,0.00250045,0.030381,0.0177172,0.030504,0.0177582,0.030504
0.247,0.00253107,0.030628,0.0178714,0.0307515,0.0179126,0.0307515
0.248,0.00256195,0.030876,0.0180264,0.031,0.0180678,0.031
0.249,0.00259308,0.031125,0.0181822,0.0312495,0.0182237,0.0312495
0.25,0.00262445,0.031375,0.0183387,0.0315,0.0183804,0.0315
0.251,0.00265608,0.031626,0.0184959,0.0317515,0.0185378,0.0317515
0.252,0.00268795,0.031878,0.0186539,0.032004,0.0186959,0.032004
0.253,0.00272009,0.032131,0.0188127,0.0322575,0.0188549,0.0322575
0.254,0.00275247,0.032385,0.0189722,0.032512,0.0190145,0.032512
0.255,0.00278511,0.03264,0.0191325,0.0327675,0.019175,0.0327675
0.256,0.00278511,0.032896,0.0192935,0.033024,0.0193362,0.033024
0.257,0.00281826,0.033153,0.0194553,0.0332815,0.0194981,0.0332815
0.258,0.00285167,0.033411,0.0196178,0.03354,0.0196608,0.03354
0.259,0.00288534,0.03367,0.0197811,0.0337995,0.0198243,0.0337995
0.26,0.00291927,0.03393,0.0199452,0.03406,0.0199885,0.03406
0.261,0.00295347,0.034191,0.02011,0.0343215,0.0201535,0.0343215
0.262,0.00298792,0.034453,0.0202756,0.034584,0.0203193,0.034584
0.263,0.00302263,0.034716,0.0204419,0.0348475,0.0204858,0.0348475
0.264,0.00305761,0.03498,0.0206091,0.035112,0.0206531,0.035112
0.265,0.00309286,0.035245,0.0207769,0.0353775,0.0208211,0.0353775
0.266,0.00312837,0.035511,0.0209456,0.035644,0.0209899,0.035644
0.267,0.00316415,0.035778,0.021115,0.0359115,0.0211595,0.0359115
0.268,0.00320019,0.036046,0.0212852,0.03618,0.0213298,0.03618
0.269,0.00323651,0.036315,0.0214561,0.0364495,0.0215009,0.0364495
0.27,0.00327309,0.036585,0.0216278,0.03672,0.0216728,0.03672
0.271,0.00330995,0.036856,0.0218003,0.0369915,0.0218455,0.0369915
0.272,0.00334708,0.037128,0.0219736,0.037264,0.0220189,0.037264
0.273,0.00338448,0.037401,0.0221476,0.0375375,0.0221931,0.0375375
0.274,0.00342215,0.037675,0.0223224,0.037812,0.0223681,0.037812
0.275,0.0034601,0.03795,0.022498,0.0380875,0.0225439,0.0380875
0.276,0.00349833,0.038226,0.0226744,0.038364,0.0227204,0.038364
0.277,0.00353683,0.038503,0.0228515,0.0386415,0.0228977,0.0386415
0.278,0.00357561,0.038781,0.0230295,0.03892,0.0230758,0.03892
0.279,0.00361467,0.03906,0.0232082,0.0391995,0.0232547,0.0391995
0.28,0.00365401,0.03934,0.0233876,0.03948,0.0234343,0.03948
0.281,0.00369364,0.039621,0.0235679,0.0397615,0.0236147,0.0397615
0.282,0.00373354,0.039903,0.0237489,0.040044,0.0237959,0.040044
0.283,0.00377372,0.040186,0.0239308,0.0403275,0.0239779,0.0403275
0.284,0.00381419,0.04047,0.0241134,0.040612,0.0241607,0.040612
0.285,0.00385495,0.040755,0.0242968,0.0408975,0.0243443,0.0408975
0.286,0.00389599,0.041041,0.024481,0.041184,0.0245286,0.041184
0.287,0.00393732,0.041328,0.0246659,0.0414715,0.0247138,0.0414715
0.288,0.00397893,0.041616,0.0248517,0.04176,0.0248997,0.04176
0.289,0.00402084,0.041905,0.0250382,0.0420495,0.0250864,0.0420495
0.29,0.00406303,0.042195,0.0252256,0.04234,0.0252739,0.04234
0.291,0.00410552,0.042486,0.0254137,0.0426315,0.0254622,0.0426315
0.292,0.0041483,0.042778,0.0256026,0.042924,0.0256513,0.042924
0.293,0.00419137,0.043071,0.0257924,0.0432175,0.0258412,0.0432175
0.294,0.00423473,0.043365,0.0259829,0.043512,0.0260319,0.043512
0.295,0.00427839,0.04366,0.0261742,0.0438075,0.0262233,0.0438075
0.296,0.00432235,0.043956,0.0263663,0.044104,0.0264156,0.044104
0.297,0.0043666,0.044253,0.0265592,0.0444015,0.0266087,0.0444015
0.298,0.00441115,0.044551,0.0267529,0.0447,0.0268025,0.0447
0.299,0.004456,0.04485,0.0269474,0.0449995,0.0269972,0.0449995
0.3,0.00450115,0.04515,0.0271427,0.0453,0.0271927,0.0453
0.301,0.00454661,0.045451,0.0273388,0.0456015,0.0273889,0.0456015
0.302,0.00459236,0.045753,0.0275357,0.045904,0.027586,0.045904
0.303,0.00463841,0.046056,0.0277334,0.0462075,0.0277839,0.0462075
0.304,0.00468477,0.04636,0.0279319,0.046512,0.0279826,0.046512
0.305,0.00473144,0.046665,0.0281312,0.0468175,0.0281821,0.0468175
0.306,0.00477841,0.046971,0.0283313,0.047124,0.0283823,0.047124
0.307,0.00482569,0.047278,0.0285323,0.0474315,0.0285834,0.0474315
0.308,0.00487327,0.047586,0.028734,0.04774,0.0287853,0.04774
0.309,0.00492117,0.047895,0.0289366,0.0480495,0.0289881,0.0480495
0.31,0.00496937,0.048205,0.0291399,0.04836,0.0291916,0.04836
0.311,0.00501789,0.048516,0.0293441,0.0486715,0.0293959,0.0486715
0.312,0.00506672,0.048828,0.0295491,0.048984,0.0296011,0.048984
0.313,0.00511586,0.049141,0.0297549,0.0492975,0.029807,0.0492975
0.314,0.00516531,0.049455,0.0299615,0.049612,0.0300138,0.049612
0.315,0.00521508,0.04977,0.0301689,0.0499275,0.0302214,0.0499275
0.316,0.00526517,0.050086,0.0303772,0.050244,0.0304298,0.050244
0.317,0.00531557,0.050403,0.0305862,0.0505615,0.0306391,0.0505615
0.318,0.00536629,0.050721,0.0307961,0.05088,0.0308491,0.05088
0.319,0.00541733,0.05104,0.0310068,0.0511995,0.03106,0.0511995
0.32,0.00546869,0.05136,0.0312183,0.05152,0.0312717,0.05152
0.321,0.00552038,0.051681,0.0314307,0.0518415,0.0314842,0.0518415
0.322,0.00557238,0.052003,0.0316438,0.052164,0.0316975,0.052164
0.323,0.0056247,0.052326,0.0318578,0.0524875,0.0319116,0.0524875
0.324,0.00567735,0.05265,0.0320726,0.052812,0.0321266,0.052812
0.325,0.00573033,0.052975,0.0322883,0.0531375,0.0323424,0.0531375
0.326,0.00578363,0.053301,0.0325047,0.053464,0.0325591,0.053464
0.327,0.00583726,0.053628,0.032722,0.0537915,0.0327765,0.0537915
0.328,0.00589121,0.053956,0.0329401,0.05412,0.0329948,0.05412
0.329,0.0059455,0.054285,0.0331591,0.0544495,0.0332139,0.0544495
0.33,0.00600011,0.054615,0.0333789,0.05478,0.0334339,0.05478
0.331,0.00605506,0.054946,0.0335995,0.0551115,0.0336546,0.0551115
0.332,0.00611034,0.055278,0.0338209,0.055444,0.0338763,0.055444
0.333,0.00616595,0.055611,0.0340432,0.0557775,0.0340987,0.0557775
0.334,0.00622189,0.055945,0.0342663,0.056112,0.034322,0.056112
0.335,0.00627817,0.05628,0.0344903,0.0564475,0.0345461,0.0564475
0.336,0.00633479,0.056616,0.034715,0.056784,0.034771,0.056784
0.337,0.00639174,0.056953,0.0349407,0.0571215,0.0349968,0.0571215
0.338,0.00644903,0.057291,0.0351671,0.05746,0.0352235,0.05746
0.339,0.00650666,0.05763,0.0353944,0.0577995,0.0354509,0.0577995
0.34,0.00656463,0.05797,0.0356226,0.05814,0.0356792,0.05814
0.341,0.00662295,0.058311,0.0358515,0.0584815,0.0359084,0.0584815
0.342,0.0066816,0.058653,0.0360814,0.058824,0.0361384,0.058824
0.343,0.00674059,0.058996,0.036312,0.0591675,0.0363692,0.0591675
0.344,0.00679993,0.05934,0.0365436,0.059512,0.0366009,0.059512
0.345,0.00685962,0.059685,0.0367759,0.0598575,0.0368334,0.0598575
0.346,0.00691965,0.060031,0.0370091,0.060204,0.0370668,0.060204
0.347,0.00698003,0.060378,0.0372432,0.0605515,0.037301,0.0605515
0.348,0.00704075,0.060726,0.0374781,0.0609,0.0375361,0.0609
0.349,0.00710183,0.061075,0.0377138,0.0612495,0.037772,0.0612495
0.35,0.00716325,0.061425,0.0379504,0.0616,0.0380087,0.0616
0.351,0.00722503,0.061776,0.0381879,0.0619515,0.0382464,0.0619515
0.352,0.00728716,0.062128,0.0384262,0.062304,0.0384848,0.062304
0.353,0.00734964,0.062481,0.0386653,0.0626575,0.0387242,0.0626575
0.354,0.00741247,0.062835,0.0389053,0.063012,0.0389643,0.063012
0.355,0.00747566,0.06319,0.0391462,0.0633675,0.0392054,0.0633675
0.356,0.00753921,0.063546,0.0393879,0.063724,0.0394473,0.063724
0.357,0.00760311,0.063903,0.0396305,0.0640815,0.03969,0.0640815
0.358,0.00766737,0.064261,0.039874,0.06444,0.0399336,0.06444
0.359,0.00773199,0.06462,0.0401183,0.0647995,0.0401781,0.0647995
0.36,0.00779697,0.06498,0.0403634,0.06516,0.0404234,0.06516
0.361,0.00786232,0.065341,0.0406094,0.0655215,0.0406696,0.0655215
0.362,0.00792802,0.065703,0.0408563,0.065884,0.0409166,0.065884
0.363,0.00799408,0.066066,0.0411041,0.0662475,0.0411646,0.0662475
0.364,0.00806051,0.06643,0.0413527,0.066612,0.0414133,0.066612
0.365,0.00812731,0.066795,0.0416022,0.0669775,0.041663,0.0669775
0.366,0.00819447,0.067161,0.0418525,0.067344,0.0419135,0.067344
0.367,0.008262,0.067528,0.0421037,0.0677115,0.0421649,0.0677115
0.368,0.00832989,0.067896,0.0423558,0.06808,0.0424171,0.06808
0.369,0.00839816,0.068265,0.0426087,0.0684495,0.0426702,0.0684495
0.37,0.00846679,0.068635,0.0428626,0.06882,0.0429242,0.06882
0.371,0.0085358,0.069006,0.0431172,0.0691915,0.0431791,0.0691915
0.372,0.00860518,0.069378,0.0433728,0.069564,0.0434348,0.069564
0.373,0.00867493,0.069751,0.0436293,0.0699375,0.0436914,0.0699375
0.374,0.00874505,0.070125,0.0438866,0.070312,0.0439489,0.070312
0.375,0.00881555,0.0705,0.0441448,0.0706875,0.0442073,0.0706875
0.376,0.00888643,0.070876,0.0444038,0.071064,0.0444665,0.071064
0.377,0.00895768,0.071253,0.0446638,0.0714415,0.0447266,0.0714415
0.378,0.00902931,0.071631,0.0449246,0.07182,0.0449876,0.07182
0.379,0.00910132,0.07201,0.0451863,0.0721995,0.0452494,0.0721995
0.38,0.00917371,0.07239,0.0454489,0.07258,0.0455122,0.07258
0.381,0.00924649,0.072771,0.0457123,0.0729615,0.0457758,0.0729615
0.382,0.00931964,0.073153,0.0459767,0.073344,0.0460403,0.073344
0.383,0.00939317,0.073536,0.0462419,0.0737275,0.0463057,0.0737275
0.384,0.00946709,0.07392,0.046508,0.074112,0.046572,0.074112
0.385,0.0095414,0.074305,0.046775,0.0744975,0.0468392,0.0744975
0.386,0.00961609,0.074691,0.0470429,0.074884,0.0471072,0.074884
0.387,0.00969117,0.075078,0.0473117,0.0752715,0.0473762,0.0752715
0.388,0.00976663,0.075466,0.0475813,0.07566,0.047646,0.07566
0.389,0.00984249,0.075855,0.0478519,0.0760495,0.0479167,0.0760495
0.39,0.00991873,0.076245,0.0481233,0.07644,0.0481883,0.07644
0.391,0.00999537,0.076636,0.0483956,0.0768315,0.0484608,0.0768315
0.392,0.0100724,0.077028,0.0486689,0.077224,0.0487342,0.077224
0.393,0.0101498,0.077421,0.048943,0.0776175,0.0490085,0.0776175
0.394,0.0102276,0.077815,0.049218,0.078012,0.0492837,0.078012
0.395,0.0103058,0.07821,0.0494939,0.0784075,0.0495597,0.0784075
0.396,0.0103845,0.078606,0.0497707,0.078804,0.0498367,0.078804
0.397,0.0104635,0.079003,0.0500484,0.0792015,0.0501146,0.0792015
0.398,0.0105429,0.079401,0.050327,0.0796,0.0503933,0.0796
0.399,0.0106227,0.0798,0.0506065,0.0799995,0.050673,0.0799995
0.4,0.0107029,0.0802,0.0508869,0.0804,0.0509536,0.0804
0.401,0.0107835,0.080601,0.0511682,0.0808015,0.051235,0.0808015
0.402,0.0108645,0.081003,0.0514504,0.081204,0.0515174,0.081204
0.403,0.0109459,0.081406,0.0517335,0.0816075,0.0518007,0.0816075
0.404,0.0110277,0.08181,0.0520175,0.082012,0.0520849,0.082012
0.405,0.0111099,0.082215,0.0523024,0.0824175,0.0523699,0.0824175
0.406,0.0111925,0.082621,0.0525883,0.082824,0.0526559,0.082824
0.407,0.0112755,0.083028,0.052875,0.0832315,0.0529428,0.0832315
0.408,0.011359,0.083436,0.0531626,0.08364,0.0532306,0.08364
0.409,0.0114428,0.083845,0.0534512,0.0840495,0.0535194,0.0840495
0.41,0.0115271,0.084255,0.0537406,0.08446,0.053809,0.08446
0.411,0.0116117,0.084666,0.054031,0.0848715,0.0540995,0.0848715
0.412,0.0116968,0.085078,0.0543223,0.085284,0.054391,0.085284
0.413,0.0117823,0.085491,0.0546145,0.0856975,0.0546833,0.0856975
0.414,0.0118682,0.085905,0.0549076,0.086112,0.0549766,0.086112
0.415,0.0119545,0.08632,0.0552016,0.0865275,0.0552708,0.0865275
0.416,0.0120413,0.086736,0.0554966,0.086944,0.0555659,0.086944
0.417,0.0121284,0.087153,0.0557924,0.0873615,0.0558619,0.0873615
0.418,0.012216,0.087571,0.0560892,0.08778,0.0561589,0.08778
0.419,0.012304,0.08799,0.0563869,0.0881995,0.0564568,0.0881995
0.42,0.0123924,0.08841,0.0566855,0.08862,0.0567555,0.08862
0.421,0.0124812,0.088831,0.0569851,0.0890415,0.0570553,0.0890415
0.422,0.0125705,0.089253,0.0572856,0.089464,0.0573559,0.089464
0.423,0.0126602,0.089676,0.0575869,0.0898875,0.0576574,0.0898875
0.424,0.0127503,0.0901,0.0578893,0.090312,0.0579599,0.090312
0.425,0.0128408,0.090525,0.0581925,0.0907375,0.0582633,0.0907375
0.426,0.0129317,0.090951,0.0584967,0.091164,0.0585677,0.091164
0.427,0.0130231,0.091378,0.0588017,0.0915915,0.0588729,0.0915915
0.428,0.0131149,0.091806,0.0591078,0.09202,0.0591791,0.09202
0.429,0.0132071,0.092235,0.0594147,0.0924495,0.0594862,0.0924495
0.43,0.0132998,0.092665,0.0597226,0.09288,0.0597943,0.09288
0.431,0.0133929,0.093096,0.0600314,0.0933115,0.0601032,0.0933115
0.432,0.0134864,0.093528,0.0603411,0.093744,0.0604131,0.093744
0.433,0.0135804,0.093961,0.0606518,0.0941775,0.060724,0.0941775
0.434,0.0136748,0.094395,0.0609634,0.094612,0.0610358,0.094612
0.435,0.0137696,0.09483,0.061276,0.0950475,0.0613485,0.0950475
0.436,0.0138649,0.095266,0.0615895,0.095484,0.0616621,0.095484
0.437,0.0139606,0.095703,0.0619039,0.0959215,0.0619767,0.0959215
0.438,0.0140567,0.096141,0.0622193,0.09636,0.0622923,0.09636
0.439,0.0141533,0.09658,0.0625356,0.0967995,0.0626087,0.0967995
0.44,0.0142503,0.09702,0.0628528,0.09724,0.0629261,0.09724
0.441,0.0143478,0.097461,0.063171,0.0976815,0.0632445,0.0976815
0.442,0.0144457,0.097903,0.0634901,0.098124,0.0635638,0.098124
0.443,0.014544,0.098346,0.0638102,0.0985675,0.063884,0.0985675
0.444,0.0146428,0.09879,0.0641312,0.099012,0.0642052,0.099012
0.445,0.0147421,0.099235,0.0644531,0.0994575,0.0645273,0.0994575
0.446,0.0148418,0.099681,0.064776,0.099904,0.0648504,0.099904
0.447,0.0149419,0.100128,0.0650999,0.100352,0.0651744,0.100352
0.448,0.0150425,0.100576,0.0654247,0.1008,0.0654994,0.1008
0.449,0.0151435,0.101025,0.0657504,0.10125,0.0658253,0.10125
0.45,0.015245,0.101475,0.0660771,0.1017,0.0661521,0.1017
0.451,0.0153469,0.101926,0.0664048,0.102152,0.06648,0.102152
0.452,0.0154493,0.102378,0.0667334,0.102604,0.0668087,0.102604
0.453,0.0155521,0.102831,0.067063,0.103058,0.0671385,0.103058
0.454,0.0156554,0.103285,0.0673935,0.103512,0.0674691,0.103512
0.455,0.0157591,0.10374,0.0677249,0.103968,0.0678008,0.103968
0.456,0.0158633,0.104196,0.0680574,0.104424,0.0681334,0.104424
0.457,0.015968,0.104653,0.0683907,0.104882,0.0684669,0.104882
0.458,0.0160731,0.105111,0.0687251,0.10534,0.0688014,0.10534
0.459,0.0161786,0.10557,0.0690604,0.1058,0.0691369,0.1058
0.46,0.0162847,0.10603,0.0693966,0.10626,0.0694733,0.10626
0.461,0.0163912,0.106491,0.0697339,0.106722,0.0698107,0.106722
0.462,0.0164981,0.106953,0.070072,0.107184,0.070149,0.107184
0.463,0.0166055,0.107416,0.0704112,0.107648,0.0704884,0.107648
0.464,0.0167134,0.10788,0.0707513,0.108112,0.0708286,0.108112
0.465,0.0168218,0.108345,0.0710924,0.108578,0.0711699,0.108578
0.466,0.0169306,0.108811,0.0714344,0.109044,0.0715121,0.109044
0.467,0.0170398,0.109278,0.0717774,0.109512,0.0718553,0.109512
0.468,0.0171496,0.109746,0.0721214,0.10998,0.0721994,0.10998
0.469,0.0172598,0.110215,0.0724664,0.11045,0.0725445,0.11045
0.47,0.0173705,0.110685,0.0728123,0.11092,0.0728906,0.11092
0.471,0.0174817,0.111156,0.0731592,0.111392,0.0732377,0.111392
0.472,0.0175933,0.111628,0.073507,0.111864,0.0735857,0.111864
0.473,0.0177054,0.112101,0.0738559,0.112338,0.0739347,0.112338
0.474,0.017818,0.112575,0.0742057,0.112812,0.0742847,0.112812
0.475,0.017931,0.11305,0.0745565,0.113288,0.0746356,0.113288
0.476,0.0180445,0.113526,0.0749082,0.113764,0.0749876,0.113764
0.477,0.0181585,0.114003,0.075261,0.114242,0.0753405,0.114242
0.478,0.018273,0.114481,0.0756147,0.11472,0.0756944,0.11472
0.479,0.018388,0.11496,0.0759694,0.1152,0.0760492,0.1152
0.48,0.0185034,0.11544,0.0763251,0.11568,0.0764051,0.11568
0.481,0.0186193,0.115921,0.0766817,0.116162,0.0767619,0.116162
0.482,0.0187357,0.116403,0.0770394,0.116644,0.0771197,0.116644
0.483,0.0188526,0.116886,0.077398,0.117128,0.0774785,0.117128
0.484,0.01897,0.11737,0.0777576,0.117612,0.0778383,0.117612
0.485,0.0190878,0.117855,0.0781182,0.118098,0.0781991,0.118098
0.486,0.0192062,0.118341,0.0784798,0.118584,0.0785608,0.118584
0.487,0.019325,0.118828,0.0788424,0.119072,0.0789235,0.119072
0.488,0.0194443,0.119316,0.0792059,0.11956,0.0792873,0.11956
0.489,0.0195641,0.119805,0.0795705,0.12005,0.079652,0.12005
0.49,0.0196844,0.120295,0.079936,0.12054,0.0800177,0.12054
0.491,0.0198052,0.120786,0.0803026,0.121032,0.0803844,0.121032
0.492,0.0199265,0.121278,0.0806701,0.121524,0.0807521,0.121524
0.493,0.0200483,0.121771,0.0810386,0.122018,0.0811208,0.122018
0.494,0.0201705,0.122265,0.0814081,0.122512,0.0814904,0.122512
0.495,0.0202933,0.12276,0.0817786,0.123008,0.0818611,0.123008
0.496,0.0204166,0.123256,0.0821501,0.123504,0.0822328,0.123504
0.497,0.0205403,0.123753,0.0825226,0.124002,0.0826055,0.124002
0.498,0.0206646,0.124251,0.0828961,0.1245,0.0829791,0.1245
0.499,0.0207893,0.12475,0.0832706,0.125,0.0833538,0.125
0.5,0.0209146,0.12525,0.0836461,0.1255,0.0837295,0.1255
0.501,0.0210403,0.125751,0.0840226,0.126002,0.0841061,0.126002
0.502,0.0211666,0.126253,0.0844001,0.126504,0.0844838,0.126504
0.503,0.0212933,0.126756,0.0847786,0.127008,0.0848625,0.127008
0.504,0.0214206,0.12726,0.0851582,0.127512,0.0852422,0.127512
0.505,0.0215483,0.127765,0.0855387,0.128018,0.0856228,0.128018
0.506,0.0216766,0.128271,0.0859202,0.128524,0.0860045,0.128524
0.507,0.0218054,0.128778,0.0863027,0.129032,0.0863872,0.129032
0.508,0.0219347,0.129286,0.0866863,0.12954,0.0867709,0.12954
0.509,0.0220645,0.129795,0.0870708,0.13005,0.0871556,0.13005
0.51,0.0221948,0.130305,0.0874564,0.13056,0.0875414,0.13056
0.511,0.0223256,0.130816,0.0878429,0.131072,0.0879281,0.131072
0.512,0.0223256,0.131328,0.0882305,0.131584,0.0883159,0.131584
0.513,0.0223256,0.131841,0.0886191,0.132098,0.0887046,0.132098
0.514,0.0223256,0.132355,0.0890087,0.132612,0.0890944,0.132612
0.515,0.0223256,0.13287,0.0893994,0.133128,0.0894852,0.133128
0.516,0.0223256,0.133386,0.089791,0.133644,0.089877,0.133644
0.517,0.0223256,0.133903,0.0901837,0.134162,0.0902698,0.134162
0.518,0.0223256,0.134421,0.0905774,0.13468,0.0906637,0.13468
0.519,0.0223256,0.13494,0.0909721,0.1352,0.0910585,0.1352
0.52,0.0223256,0.13546,0.0913678,0.13572,0.0914544,0.13572
0.521,0.0223256,0.135981,0.0917645,0.136241,0.0918513,0.136241
0.522,0.0223256,0.136503,0.0921623,0.136764,0.0922493,0.136764
0.523,0.0223256,0.137026,0.0925611,0.137287,0.0926482,0.137287
0.524,0.0223256,0.13755,0.0929609,0.137812,0.0930482,0.137812
0.525,0.0223256,0.138075,0.0933617,0.138337,0.0934492,0.138337
0.526,0.0223256,0.138601,0.0937636,0.138864,0.0938512,0.138864
0.527,0.0223256,0.139128,0.0941665,0.139391,0.0942543,0.139391
0.528,0.0223256,0.139656,0.0945704,0.13992,0.0946584,0.13992
0.529,0.0223256,0.140185,0.0949753,0.140449,0.0950635,0.140449
0.53,0.0223256,0.140715,0.0953813,0.14098,0.0954697,0.14098
0.531,0.0223256,0.141246,0.0957883,0.141511,0.0958768,0.141511
0.532,0.0223256,0.141778,0.0961964,0.142044,0.096285,0.142044
0.533,0.0223256,0.142311,0.0966055,0.142577,0.0966943,0.142577
0.534,0.0223256,0.142845,0.0970156,0.143112,0.0971046,0.143112
0.535,0.0223256,0.14338,0.0974267,0.143647,0.0975159,0.143647
0.536,0.0223256,0.143916,0.0978389,0.144184,0.0979282,0.144184
0.537,0.0223256,0.144453,0.0982521,0.144721,0.0983416,0.144721
0.538,0.0223256,0.144991,0.0986664,0.14526,0.098756,0.14526
0.539,0.0223256,0.14553,0.0990817,0.145799,0.0991715,0.145799
0.54,0.0223256,0.14607,0.099498,0.14634,0.099588,0.14634
0.541,0.0223256,0.146611,0.0999154,0.146881,0.100006,0.146881
0.542,0.0223256,0.147153,0.100334,0.147424,0.100424,0.147424
0.543,0.0223256,0.147696,0.100753,0.147967,0.100844,0.147967
0.544,0.0223256,0.14824,0.101174,0.148512,0.101264,0.148512
0.545,0.0223256,0.148785,0.101595,0.149057,0.101686,0.149057
0.546,0.0223256,0.149331,0.102018,0.149604,0.102109,0.149604
0.547,0.0223256,0.149878,0.102442,0.150151,0.102533,0.150151
0.548,0.0223256,0.150426,0.102866,0.1507,0.102958,0.1507
0.549,0.0223256,0.150975,0.103292,0.151249,0.103384,0.151249
0.55,0.0223256,0.151525,0.103719,0.1518,0.103811,0.1518
0.551,0.0223256,0.152076,0.104147,0.152351,0.104239,0.152351
0.552,0.0223256,0.152628,0.104576,0.152904,0.104668,0.152904
0.553,0.0223256,0.153181,0.105006,0.153457,0.105098,0.153457
0.554,0.0223256,0.153735,0.105437,0.154012,0.105529,0.154012
0.555,0.0223256,0.15429,0.105869,0.154567,0.105961,0.154567
0.556,0.0223256,0.154846,0.106302,0.155124,0.106394,0.155124
0.557,0.0223256,0.155403,0.106736,0.155681,0.106829,0.155681
0.558,0.0223256,0.155961,0.107171,0.15624,0.107264,0.15624
0.559,0.0223256,0.15652,0.107608,0.156799,0.107701,0.156799
0.56,0.0223256,0.15708,0.108045,0.15736,0.108138,0.15736
0.561,0.0223256,0.157641,0.108483,0.157921,0.108577,0.157921
0.562,0.0223256,0.158203,0.108923,0.158484,0.109016,0.158484
0.563,0.0223256,0.158766,0.109363,0.159047,0.109457,0.159047
0.564,0.0223256,0.15933,0.109805,0.159612,0.109899,0.159612
0.565,0.0223256,0.159895,0.110248,0.160177,0.110342,0.160177
0.566,0.0223256,0.160461,0.110691,0.160744,0.110786,0.160744
0.567,0.0223256,0.161028,0.111136,0.161311,0.111231,0.161311
0.568,0.0223256,0.161596,0.111582,0.16188,0.111677,0.16188
0.569,0.0223256,0.162165,0.112029,0.162449,0.112124,0.162449
0.57,0.0223256,0.162735,0.112477,0.16302,0.112572,0.16302
0.571,0.0223256,0.163306,0.112926,0.163591,0.113021,0.163591
0.572,0.0223256,0.163878,0.113376,0.164164,0.113472,0.164164
0.573,0.0223256,0.164451,0.113828,0.164737,0.113923,0.164737
0.574,0.0223256,0.165025,0.11428,0.165312,0.114375,0.165312
0.575,0.0223256,0.1656,0.114733,0.165887,0.114829,0.165887
0.576,0.0223256,0.166176,0.115188,0.166464,0.115284,0.166464
0.577,0.0223256,0.166753,0.115643,0.167041,0.115739,0.167041
0.578,0.0223256,0.167331,0.1161,0.16762,0.116196,0.16762
0.579,0.0223256,0.16791,0.116558,0.168199,0.116654,0.168199
0.58,0.0223256,0.16849,0.117016,0.16878,0.117113,0.16878
0.581,0.0223256,0.169071,0.117476,0.169361,0.117573,0.169361
0.582,0.0223256,0.169653,0.117937,0.169944,0.118034,0.169944
0.583,0.0223256,0.170236,0.118399,0.170527,0.118496,0.170527
0.584,0.0223256,0.17082,0.118862,0.171112,0.11896,0.171112
0.585,0.0223256,0.171405,0.119326,0.171697,0.119424,0.171697
0.586,0.0223256,0.171991,0.119792,0.172284,0.119889,0.172284
0.587,0.0223256,0.172578,0.120258,0.172871,0.120356,0.172871
0.588,0.0223256,0.173166,0.120726,0.17346,0.120824,0.17346
0.589,0.0223256,0.173755,0.121194,0.174049,0.121292,0.174049
0.59,0.0223256,0.174345,0.121664,0.17464,0.121762,0.17464
0.591,0.0223256,0.174936,0.122134,0.175231,0.122233,0.175231
0.592,0.0223256,0.175528,0.122606,0.175824,0.122705,0.175824
0.593,0.0223256,0.176121,0.123079,0.176417,0.123178,0.176417
0.594,0.0223256,0.176715,0.123553,0.177012,0.123652,0.177012
0.595,0.0223256,0.17731,0.124028,0.177607,0.124128,0.177607
0.596,0.0223256,0.177906,0.124505,0.178204,0.124604,0.178204
0.597,0.0223256,0.178503,0.124982,0.178801,0.125081,0.178801
0.598,0.0223256,0.179101,0.12546,0.1794,0.12556,0.1794
0.599,0.0223256,0.1797,0.12594,0.179999,0.12604,0.179999
0.6,0.0223256,0.1803,0.12642,0.1806,0.12652,0.1806
0.601,0.0223256,0.180901,0.126902,0.181201,0.127002,0.181201
0.602,0.0223256,0.181503,0.127385,0.181804,0.127485,0.181804
0.603,0.0223256,0.182106,0.127869,0.182407,0.127969,0.182407
0.604,0.0223256,0.18271,0.128354,0.183012,0.128454,0.183012
0.605,0.0223256,0.183315,0.12884,0.183617,0.128941,0.183617
0.606,0.0223256,0.183921,0.129327,0.184224,0.129428,0.184224
0.607,0.0223256,0.184528,0.129815,0.184831,0.129917,0.184831
0.608,0.0223256,0.185136,0.130305,0.18544,0.130406,0.18544
0.609,0.0223256,0.185745,0.130795,0.186049,0.130897,0.186049
0.61,0.0223256,0.186355,0.131287,0.18666,0.131389,0.18666
0.611,0.0223256,0.186966,0.13178,0.187271,0.131882,0.187271
0.612,0.0223256,0.187578,0.132274,0.187884,0.132376,0.187884
0.613,0.0223256,0.188191,0.132769,0.188497,0.132871,0.188497
0.614,0.0223256,0.188805,0.133265,0.189112,0.133367,0.189112
0.615,0.0223256,0.18942,0.133762,0.189727,0.133865,0.189727
0.616,0.0223256,0.190036,0.13426,0.190344,0.134363,0.190344
0.617,0.0223256,0.190653,0.13476,0.190961,0.134863,0.190961
0.618,0.0223256,0.191271,0.13526,0.19158,0.135363,0.19158
0.619,0.0223256,0.19189,0.135762,0.192199,0.135865,0.192199
0.62,0.0223256,0.19251,0.136265,0.19282,0.136368,0.19282
0.621,0.0223256,0.193131,0.136769,0.193441,0.136872,0.193441
0.622,0.0223256,0.193753,0.137274,0.194064,0.137378,0.194064
0.623,0.0223256,0.194376,0.13778,0.194687,0.137884,0.194687
0.624,0.0223256,0.195,0.138288,0.195312,0.138391,0.195312
0.625,0.0223256,0.195625,0.138796,0.195937,0.1389,0.195937
0.626,0.0223256,0.196251,0.139306,0.196564,0.13941,0.196564
0.627,0.0223256,0.196878,0.139816,0.197191,0.139921,0.197191
0.628,0.0223256,0.197506,0.140328,0.19782,0.140433,0.19782
0.629,0.0223256,0.198135,0.140841,0.198449,0.140946,0.198449
0.63,0.0223256,0.198765,0.141355,0.19908,0.14146,0.19908
0.631,0.0223256,0.199396,0.14187,0.199711,0.141975,0.199711
0.632,0.0223256,0.200028,0.142387,0.200344,0.142492,0.200344
0.633,0.0223256,0.200661,0.142904,0.200977,0.14301,0.200977
0.634,0.0223256,0.201295,0.143423,0.201612,0.143528,0.201612
0.635,0.0223256,0.20193,0.143942,0.202247,0.144048,0.202247
0.636,0.0223256,0.202566,0.144463,0.202884,0.144569,0.202884
0.637,0.0223256,0.203203,0.144985,0.203521,0.145092,0.203521
0.638,0.0223256,0.203841,0.145509,0.20416,0.145615,0.20416
0.639,0.0223256,0.20448,0.146033,0.204799,0.146139,0.204799
0.64,0.0223256,0.20512,0.146558,0.20544,0.146665,0.20544
0.641,0.0223256,0.205761,0.147085,0.206081,0.147192,0.206081
0.642,0.0223256,0.206403,0.147613,0.206724,0.14772,0.206724
0.643,0.0223256,0.207046,0.148141,0.207367,0.148249,0.207367
0.644,0.0223256,0.20769,0.148671,0.208012,0.148779,0.208012
0.645,0.0223256,0.208335,0.149203,0.208657,0.14931,0.208657
0.646,0.0223256,0.208981,0.149735,0.209304,0.149843,0.209304
0.647,0.0223256,0.209628,0.150268,0.209951,0.150376,0.209951
0.648,0.0223256,0.210276,0.150803,0.2106,0.150911,0.2106
0.649,0.0223256,0.210925,0.151339,0.211249,0.151447,0.211249
0.65,0.0223256,0.211575,0.151876,0.2119,0.151984,0.2119
0.651,0.0223256,0.212226,0.152414,0.212551,0.152522,0.212551
0.652,0.0223256,0.212878,0.152953,0.213204,0.153062,0.213204
0.653,0.0223256,0.213531,0.153493,0.213857,0.153602,0.213857
0.654,0.0223256,0.214185,0.154035,0.214512,0.154144,0.214512
0.655,0.0223256,0.21484,0.154577,0.215167,0.154687,0.215167
0.656,0.0223256,0.215496,0.155121,0.215824,0.155231,0.215824
0.657,0.0223256,0.216153,0.155666,0.216481,0.155776,0.216481
0.658,0.0223256,0.216811,0.156212,0.21714,0.156322,0.21714
0.659,0.0223256,0.21747,0.15676,0.217799,0.156869,0.217799
0.66,0.0223256,0.21813,0.157308,0.21846,0.157418,0.21846
0.661,0.0223256,0.218791,0.157858,0.219121,0.157968,0.219121
0.662,0.0223256,0.219453,0.158408,0.219784,0.158519,0.219784
0.663,0.0223256,0.220116,0.15896,0.220447,0.159071,0.220447
0.664,0.0223256,0.22078,0.159514,0.221112,0.159624,0.221112
0.665,0.0223256,0.221445,0.160068,0.221777,0.160179,0.221777
0.666,0.0223256,0.222111,0.160623,0.222444,0.160734,0.222444
0.667,0.0223256,0.222778,0.16118,0.223111,0.161291,0.223111
0.668,0.0223256,0.223446,0.161738,0.22378,0.161849,0.22378
0.669,0.0223256,0.224115,0.162297,0.224449,0.162408,0.224449
0.67,0.0223256,0.224785,0.162857,0.22512,0.162968,0.22512
0.671,0.0223256,0.225456,0.163418,0.225791,0.16353,0.225791
0.672,0.0223256,0.226128,0.16398,0.226464,0.164092,0.226464
0.673,0.0223256,0.226801,0.164544,0.227137,0.164656,0.227137
0.674,0.0223256,0.227475,0.165109,0.227812,0.165221,0.227812
0.675,0.0223256,0.22815,0.165675,0.228487,0.165787,0.228487
0.676,0.0223256,0.228826,0.166242,0.229164,0.166355,0.229164
0.677,0.0223256,0.229503,0.16681,0.229841,0.166923,0.229841
0.678,0.0223256,0.230181,0.16738,0.23052,0.167493,0.23052
0.679,0.0223256,0.23086,0.167951,0.231199,0.168064,0.231199
0.68,0.0223256,0.23154,0.168523,0.23188,0.168636,0.23188
0.681,0.0223256,0.232221,0.169096,0.232561,0.169209,0.232561
0.682,0.0223256,0.232903,0.16967,0.233244,0.169784,0.233244
0.683,0.0223256,0.233586,0.170245,0.233927,0.170359,0.233927
0.684,0.0223256,0.23427,0.170822,0.234612,0.170936,0.234612
0.685,0.0223256,0.234955,0.1714,0.235297,0.171514,0.235297
0.686,0.0223256,0.235641,0.171979,0.235984,0.172093,0.235984
0.687,0.0223256,0.236328,0.172559,0.236671,0.172673,0.236671
0.688,0.0223256,0.237016,0.17314,0.23736,0.173255,0.23736
0.689,0.0223256,0.237705,0.173723,0.238049,0.173838,0.238049
0.69,0.0223256,0.238395,0.174306,0.23874,0.174421,0.23874
0.691,0.0223256,0.239086,0.174891,0.239431,0.175007,0.239431
0.692,0.0223256,0.239778,0.175478,0.240124,0.175593,0.240124
0.693,0.0223256,0.240471,0.176065,0.240817,0.17618,0.240817
0.694,0.0223256,0.241165,0.176653,0.241512,0.176769,0.241512
0.695,0.0223256,0.24186,0.177243,0.242207,0.177359,0.242207
0.696,0.0223256,0.242556,0.177834,0.242904,0.17795,0.242904
0.697,0.0223256,0.243253,0.178426,0.243601,0.178542,0.243601
0.698,0.0223256,0.243951,0.179019,0.2443,0.179136,0.2443
0.699,0.0223256,0.24465,0.179614,0.244999,0.17973,0.244999
0.7,0.0223256,0.24535,0.18021,0.2457,0.180326,0.2457
0.701,0.0223256,0.246051,0.180806,0.246401,0.180923,0.246401
0.702,0.0223256,0.246753,0.181405,0.247104,0.181522,0.247104
0.703,0.0223256,0.247456,0.182004,0.247807,0.182121,0.247807
0.704,0.0223256,0.24816,0.182604,0.248512,0.182722,0.248512
0.705,0.0223256,0.248865,0.183206,0.249217,0.183324,0.249217
0.706,0.0223256,0.249571,0.183809,0.249924,0.183927,0.249924
0.707,0.0223256,0.250278,0.184413,0.250631,0.184531,0.250631
0.708,0.0223256,0.250986,0.185019,0.25134,0.185137,0.25134
0.709,0.0223256,0.251695,0.185625,0.252049,0.185743,0.252049
0.71,0.0223256,0.252405,0.186233,0.25276,0.186351,0.25276
0.711,0.0223256,0.253116,0.186842,0.253471,0.18696,0.253471
0.712,0.0223256,0.253828,0.187452,0.254184,0.187571,0.254184
0.713,0.0223256,0.254541,0.188063,0.254897,0.188182,0.254897
0.714,0.0223256,0.255255,0.188676,0.255612,0.188795,0.255612
0.715,0.0223256,0.25597,0.18929,0.256327,0.189409,0.256327
0.716,0.0223256,0.256686,0.189905,0.257044,0.190024,0.257044
0.717,0.0223256,0.257403,0.190521,0.257761,0.190641,0.257761
0.718,0.0223256,0.258121,0.191139,0.25848,0.191258,0.25848
0.719,0.0223256,0.25884,0.191757,0.259199,0.191877,0.259199
0.72,0.0223256,0.25956,0.192377,0.25992,0.192497,0.25992
0.721,0.0223256,0.260281,0.192998,0.260641,0.193119,0.260641
0.722,0.0223256,0.261003,0.193621,0.261364,0.193741,0.261364
0.723,0.0223256,0.261726,0.194244,0.262087,0.194365,0.262087
0.724,0.0223256,0.26245,0.194869,0.262812,0.19499,0.262812
0.725,0.0223256,0.263175,0.195495,0.263537,0.195616,0.263537
0.726,0.0223256,0.263901,0.196122,0.264264,0.196243,0.264264
0.727,0.0223256,0.264628,0.196751,0.264991,0.196872,0.264991
0.728,0.0223256,0.265356,0.197381,0.26572,0.197502,0.26572
0.729,0.0223256,0.266085,0.198012,0.266449,0.198133,0.266449
0.73,0.0223256,0.266815,0.198644,0.26718,0.198765,0.26718
0.731,0.0223256,0.267546,0.199277,0.267911,0.199399,0.267911
0.732,0.0223256,0.268278,0.199912,0.268644,0.200034,0.268644
0.733,0.0223256,0.269011,0.200548,0.269377,0.20067,0.269377
0.734,0.0223256,0.269745,0.201185,0.270112,0.201307,0.270112
0.735,0.0223256,0.27048,0.201823,0.270847,0.201946,0.270847
0.736,0.0223256,0.271216,0.202463,0.271584,0.202585,0.271584
0.737,0.0223256,0.271953,0.203104,0.272321,0.203226,0.272321
0.738,0.0223256,0.272691,0.203746,0.27306,0.203869,0.27306
0.739,0.0223256,0.27343,0.204389,0.273799,0.204512,0.273799
0.74,0.0223256,0.27417,0.205033,0.27454,0.205157,0.27454
0.741,0.0223256,0.274911,0.205679,0.275281,0.205803,0.275281
0.742,0.0223256,0.275653,0.206326,0.276024,0.20645,0.276024
0.743,0.0223256,0.276396,0.206975,0.276767,0.207098,0.276767
0.744,0.0223256,0.27714,0.207624,0.277512,0.207748,0.277512
0.745,0.0223256,0.277885,0.208275,0.278257,0.208399,0.278257
0.746,0.0223256,0.278631,0.208927,0.279004,0.209051,0.279004
0.747,0.0223256,0.279378,0.20958,0.279751,0.209705,0.279751
0.748,0.0223256,0.280126,0.210235,0.2805,0.210359,0.2805
0.749,0.0223256,0.280875,0.21089,0.281249,0.211015,0.281249
0.75,0.0223256,0.281625,0.211547,0.282,0.211672,0.282
0.751,0.0223256,0.282376,0.212206,0.282751,0.212331,0.282751
0.752,0.0223256,0.283128,0.212865,0.283504,0.21299,0.283504
0.753,0.0223256,0.283881,0.213526,0.284257,0.213651,0.284257
0.754,0.0223256,0.284635,0.214188,0.285012,0.214314,0.285012
0.755,0.0223256,0.28539,0.214851,0.285767,0.214977,0.285767
0.756,0.0223256,0.286146,0.215516,0.286524,0.215642,0.286524
0.757,0.0223256,0.286903,0.216181,0.287281,0.216308,0.287281
0.758,0.0223256,0.287661,0.216848,0.28804,0.216975,0.28804
0.759,0.0223256,0.28842,0.217517,0.288799,0.217643,0.288799
0.76,0.0223256,0.28918,0.218186,0.28956,0.218313,0.28956
0.761,0.0223256,0.289941,0.218857,0.290321,0.218984,0.290321
0.762,0.0223256,0.290703,0.219529,0.291084,0.219656,0.291084
0.763,0.0223256,0.291466,0.220203,0.291847,0.22033,0.291847
0.764,0.0223256,0.29223,0.220877,0.292612,0.221005,0.292612
0.765,0.0223256,0.292995,0.221553,0.293377,0.221681,0.293377
0.766,0.0223256,0.293761,0.22223,0.294144,0.222358,0.294144
0.767,0.0223256,0.294528,0.222909,0.294911,0.223036,0.294911
0.768,0.0223256,0.295296,0.223588,0.29568,0.223716,0.29568
0.769,0.0223256,0.296065,0.224269,0.296449,0.224397,0.296449
0.77,0.0223256,0.296835,0.224951,0.29722,0.22508,0.29722
0.771,0.0223256,0.297606,0.225635,0.297991,0.225763,0.297991
0.772,0.0223256,0.298378,0.22632,0.298764,0.226448,0.298764
0.773,0.0223256,0.299151,0.227006,0.299537,0.227135,0.299537
0.774,0.0223256,0.299925,0.227693,0.300312,0.227822,0.300312
0.775,0.0223256,0.3007,0.228382,0.301087,0.228511,0.301087
0.776,0.0223256,0.301476,0.229072,0.301864,0.229201,0.301864
0.777,0.0223256,0.302253,0.229763,0.302641,0.229892,0.302641
0.778,0.0223256,0.303031,0.230455,0.30342,0.230585,0.30342
0.779,0.0223256,0.30381,0.231149,0.304199,0.231279,0.304199
0.78,0.0223256,0.30459,0.231844,0.30498,0.231974,0.30498
0.781,0.0223256,0.305371,0.23254,0.305761,0.23267,0.305761
0.782,0.0223256,0.306153,0.233238,0.306544,0.233368,0.306544
0.783,0.0223256,0.306936,0.233936,0.307327,0.234067,0.307327
0.784,0.0223256,0.30772,0.234636,0.308112,0.234767,0.308112
0.785,0.0223256,0.308505,0.235338,0.308897,0.235469,0.308897
0.786,0.0223256,0.309291,0.236041,0.309684,0.236172,0.309684
0.787,0.0223256,0.310078,0.236745,0.310471,0.236876,0.310471
0.788,0.0223256,0.310866,0.23745,0.31126,0.237581,0.31126
0.789,0.0223256,0.311655,0.238156,0.312049,0.238288,0.312049
0.79,0.0223256,0.312445,0.238864,0.31284,0.238996,0.31284
0.791,0.0223256,0.313236,0.239573,0.313631,0.239705,0.313631
0.792,0.0223256,0.314028,0.240284,0.314424,0.240416,0.314424
0.793,0.0223256,0.314821,0.240995,0.315217,0.241128,0.315217
0.794,0.0223256,0.315615,0.241708,0.316012,0.241841,0.316012
0.795,0.0223256,0.31641,0.242423,0.316807,0.242555,0.316807
0.796,0.0223256,0.317206,0.243138,0.317604,0.243271,0.317604
0.797,0.0223256,0.318003,0.243855,0.318401,0.243988,0.318401
0.798,0.0223256,0.318801,0.244574,0.3192,0.244707,0.3192
0.799,0.0223256,0.3196,0.245293,0.319999,0.245426,0.319999
0.8,0.0223256,0.3204,0.246014,0.3208,0.246147,0.3208
0.801,0.0223256,0.321201,0.246736,0.321601,0.246869,0.321601
0.802,0.0223256,0.322003,0.247459,0.322404,0.247593,0.322404
0.803,0.0223256,0.322806,0.248184,0.323207,0.248318,0.323207
0.804,0.0223256,0.32361,0.24891,0.324012,0.249044,0.324012
0.805,0.0223256,0.324415,0.249637,0.324817,0.249772,0.324817
0.806,0.0223256,0.325221,0.250366,0.325624,0.2505,0.325624
0.807,0.0223256,0.326028,0.251096,0.326431,0.25123,0.326431
0.808,0.0223256,0.326836,0.251827,0.32724,0.251962,0.32724
0.809,0.0223256,0.327645,0.25256,0.328049,0.252695,0.328049
0.81,0.0223256,0.328455,0.253294,0.32886,0.253429,0.32886
0.811,0.0223256,0.329266,0.254029,0.329671,0.254164,0.329671
0.812,0.0223256,0.330078,0.254765,0.330484,0.254901,0.330484
0.813,0.0223256,0.330891,0.255503,0.331297,0.255639,0.331297
0.814,0.0223256,0.331705,0.256242,0.332112,0.256378,0.332112
0.815,0.0223256,0.33252,0.256983,0.332927,0.257118,0.332927
0.816,0.0223256,0.333336,0.257724,0.333744,0.25786,0.333744
0.817,0.0223256,0.334153,0.258467,0.334561,0.258604,0.334561
0.818,0.0223256,0.334971,0.259212,0.33538,0.259348,0.33538
0.819,0.0223256,0.33579,0.259957,0.336199,0.260094,0.336199
0.82,0.0223256,0.33661,0.260704,0.33702,0.260841,0.33702
0.821,0.0223256,0.337431,0.261453,0.337841,0.26159,0.337841
0.822,0.0223256,0.338253,0.262202,0.338664,0.262339,0.338664
0.823,0.0223256,0.339076,0.262953,0.339487,0.263091,0.339487
0.824,0.0223256,0.3399,0.263706,0.340312,0.263843,0.340312
0.825,0.0223256,0.340725,0.264459,0.341137,0.264597,0.341137
0.826,0.0223256,0.341551,0.265214,0.341964,0.265352,0.341964
0.827,0.0223256,0.342378,0.265971,0.342791,0.266108,0.342791
0.828,0.0223256,0.343206,0.266728,0.34362,0.266866,0.34362
0.829,0.0223256,0.344035,0.267487,0.344449,0.267625,0.344449
0.83,0.0223256,0.344865,0.268247,0.34528,0.268386,0.34528
0.831,0.0223256,0.345696,0.269009,0.346111,0.269148,0.346111
0.832,0.0223256,0.346528,0.269772,0.346944,0.269911,0.346944
0.833,0.0223256,0.347361,0.270536,0.347777,0.270675,0.347777
0.834,0.0223256,0.348195,0.271302,0.348612,0.271441,0.348612
0.835,0.0223256,0.34903,0.272069,0.349447,0.272208,0.349447
0.836,0.0223256,0.349866,0.272837,0.350284,0.272977,0.350284
0.837,0.0223256,0.350703,0.273607,0.351121,0.273746,0.351121
0.838,0.0223256,0.351541,0.274378,0.35196,0.274517,0.35196
0.839,0.0223256,0.35238,0.27515,0.352799,0.27529,0.352799
0.84,0.0223256,0.35322,0.275924,0.35364,0.276064,0.35364
0.841,0.0223256,0.354061,0.276699,0.354481,0.276839,0.354481
0.842,0.0223256,0.354903,0.277475,0.355324,0.277615,0.355324
0.843,0.0223256,0.355746,0.278253,0.356167,0.278393,0.356167
0.844,0.0223256,0.35659,0.279032,0.357012,0.279172,0.357012
0.845,0.0223256,0.357435,0.279812,0.357857,0.279953,0.357857
0.846,0.0223256,0.358281,0.280594,0.358704,0.280735,0.358704
0.847,0.0223256,0.359128,0.281377,0.359551,0.281518,0.359551
0.848,0.0223256,0.359976,0.282161,0.3604,0.282303,0.3604
0.849,0.0223256,0.360825,0.282947,0.361249,0.283088,0.361249
0.85,0.0223256,0.361675,0.283734,0.3621,0.283876,0.3621
0.851,0.0223256,0.362526,0.284522,0.362951,0.284664,0.362951
0.852,0.0223256,0.363378,0.285312,0.363804,0.285454,0.363804
0.853,0.0223256,0.364231,0.286103,0.364657,0.286246,0.364657
0.854,0.0223256,0.365085,0.286896,0.365512,0.287038,0.365512
0.855,0.0223256,0.36594,0.28769,0.366367,0.287832,0.366367
0.856,0.0223256,0.366796,0.288485,0.367224,0.288628,0.367224
0.857,0.0223256,0.367653,0.289282,0.368081,0.289424,0.368081
0.858,0.0223256,0.368511,0.29008,0.36894,0.290223,0.36894
0.859,0.0223256,0.36937,0.290879,0.3698,0.291022,0.3698
0.86,0.0223256,0.37023,0.29168,0.37066,0.291823,0.37066
0.861,0.0223256,0.371091,0.292482,0.371522,0.292625,0.371522
0.862,0.0223256,0.371953,0.293285,0.372384,0.293429,0.372384
0.863,0.0223256,0.372816,0.29409,0.373248,0.294234,0.373248
0.864,0.0223256,0.37368,0.294896,0.374112,0.29504,0.374112
0.865,0.0223256,0.374545,0.295703,0.374978,0.295847,0.374978
0.866,0.0223256,0.375411,0.296512,0.375844,0.296656,0.375844
0.867,0.0223256,0.376278,0.297322,0.376712,0.297467,0.376712
0.868,0.0223256,0.377146,0.298134,0.37758,0.298279,0.37758
0.869,0.0223256,0.378015,0.298947,0.37845,0.299092,0.37845
0.87,0.0223256,0.378885,0.299761,0.37932,0.299906,0.37932
0.871,0.0223256,0.379756,0.300577,0.380192,0.300722,0.380192
0.872,0.0223256,0.380628,0.301394,0.381064,0.301539,0.381064
0.873,0.0223256,0.381501,0.302212,0.381938,0.302358,0.381938
0.874,0.0223256,0.382375,0.303032,0.382812,0.303178,0.382812
0.875,0.0223256,0.38325,0.303853,0.383688,0.303999,0.383688
0.876,0.0223256,0.384126,0.304676,0.384564,0.304822,0.384564
0.877,0.0223256,0.385003,0.3055,0.385442,0.305646,0.385442
0.878,0.0223256,0.385881,0.306325,0.38632,0.306472,0.38632
0.879,0.0223256,0.38676,0.307152,0.3872,0.307298,0.3872
0.88,0.0223256,0.38764,0.30798,0.38808,0.308127,0.38808
0.881,0.0223256,0.388521,0.308809,0.388962,0.308956,0.388962
0.882,0.0223256,0.389403,0.30964,0.389844,0.309787,0.389844
0.883,0.0223256,0.390286,0.310473,0.390728,0.31062,0.390728
0.884,0.0223256,0.39117,0.311306,0.391612,0.311453,0.391612
0.885,0.0223256,0.392055,0.312141,0.392498,0.312289,0.392498
0.886,0.0223256,0.392941,0.312978,0.393384,0.313125,0.393384
0.887,0.0223256,0.393828,0.313815,0.394272,0.313963,0.394272
0.888,0.0223256,0.394716,0.314654,0.39516,0.314802,0.39516
0.889,0.0223256,0.395605,0.315495,0.39605,0.315643,0.39605
0.89,0.0223256,0.396495,0.316337,0.39694,0.316485,0.39694
0.891,0.0223256,0.397386,0.31718,0.397832,0.317329,0.397832
0.892,0.0223256,0.398278,0.318025,0.398724,0.318174,0.398724
0.893,0.0223256,0.399171,0.318871,0.399618,0.31902,0.399618
0.894,0.0223256,0.400065,0.319719,0.400512,0.319868,0.400512
0.895,0.0223256,0.40096,0.320568,0.401408,0.320717,0.401408
0.896,0.0223256,0.401856,0.321418,0.402304,0.321567,0.402304
0.897,0.0223256,0.402753,0.32227,0.403202,0.322419,0.403202
0.898,0.0223256,0.403651,0.323123,0.4041,0.323272,0.4041
0.899,0.0223256,0.40455,0.323977,0.405,0.324127,0.405
0.9,0.0223256,0.40545,0.324833,0.4059,0.324983,0.4059
0.901,0.0223256,0.406351,0.32569,0.406802,0.32584,0.406802
0.902,0.0223256,0.407253,0.326549,0.407704,0.326699,0.407704
0.903,0.0223256,0.408156,0.327409,0.408608,0.32756,0.408608
0.904,0.0223256,0.40906,0.328271,0.409512,0.328421,0.409512
0.905,0.0223256,0.409965,0.329134,0.410418,0.329284,0.410418
0.906,0.0223256,0.410871,0.329998,0.411324,0.330149,0.411324
0.907,0.0223256,0.411778,0.330864,0.412232,0.331015,0.412232
0.908,0.0223256,0.412686,0.331731,0.41314,0.331882,0.41314
0.909,0.0223256,0.413595,0.332599,0.41405,0.332751,0.41405
0.91,0.0223256,0.414505,0.333469,0.41496,0.333621,0.41496
0.911,0.0223256,0.415416,0.334341,0.415872,0.334492,0.415872
0.912,0.0223256,0.416328,0.335213,0.416784,0.335365,0.416784
0.913,0.0223256,0.417241,0.336088,0.417698,0.33624,0.417698
0.914,0.0223256,0.418155,0.336963,0.418612,0.337116,0.418612
0.915,0.0223256,0.41907,0.33784,0.419528,0.337993,0.419528
0.916,0.0223256,0.419986,0.338719,0.420444,0.338871,0.420444
0.917,0.0223256,0.420903,0.339599,0.421362,0.339751,0.421362
0.918,0.0223256,0.421821,0.34048,0.42228,0.340633,0.42228
0.919,0.0223256,0.42274,0.341363,0.4232,0.341516,0.4232
0.92,0.0223256,0.42366,0.342247,0.42412,0.3424,0.42412
0.921,0.0223256,0.424581,0.343132,0.425042,0.343286,0.425042
0.922,0.0223256,0.425503,0.344019,0.425964,0.344173,0.425964
0.923,0.0223256,0.426426,0.344908,0.426888,0.345061,0.426888
0.924,0.0223256,0.42735,0.345797,0.427812,0.345951,0.427812
0.925,0.0223256,0.428275,0.346689,0.428738,0.346843,0.428738
0.926,0.0223256,0.429201,0.347581,0.429664,0.347736,0.429664
0.927,0.0223256,0.430128,0.348475,0.430592,0.34863,0.430592
0.928,0.0223256,0.431056,0.349371,0.43152,0.349526,0.43152
0.929,0.0223256,0.431985,0.350268,0.43245,0.350423,0.43245
0.93,0.0223256,0.432915,0.351166,0.43338,0.351321,0.43338
0.931,0.0223256,0.433846,0.352066,0.434312,0.352221,0.434312
0.932,0.0223256,0.434778,0.352967,0.435244,0.353123,0.435244
0.933,0.0223256,0.435711,0.35387,0.436178,0.354025,0.436178
0.934,0.0223256,0.436645,0.354774,0.437112,0.35493,0.437112
0.935,0.0223256,0.43758,0.35568,0.438048,0.355835,0.438048
0.936,0.0223256,0.438516,0.356587,0.438984,0.356743,0.438984
0.937,0.0223256,0.439453,0.357495,0.439922,0.357651,0.439922
0.938,0.0223256,0.440391,0.358405,0.44086,0.358561,0.44086
0.939,0.0223256,0.44133,0.359316,0.4418,0.359473,0.4418
0.94,0.0223256,0.44227,0.360229,0.44274,0.360386,0.44274
0.941,0.0223256,0.443211,0.361143,0.443682,0.3613,0.443682
0.942,0.0223256,0.444153,0.362059,0.444624,0.362216,0.444624
0.943,0.0223256,0.445096,0.362976,0.445568,0.363133,0.445568
0.944,0.0223256,0.44604,0.363894,0.446512,0.364052,0.446512
0.945,0.0223256,0.446985,0.364814,0.447458,0.364972,0.447458
0.946,0.0223256,0.447931,0.365736,0.448404,0.365893,0.448404
0.947,0.0223256,0.448878,0.366659,0.449352,0.366816,0.449352
0.948,0.0223256,0.449826,0.367583,0.4503,0.367741,0.4503
0.949,0.0223256,0.450775,0.368509,0.45125,0.368667,0.45125
0.95,0.0223256,0.451725,0.369436,0.4522,0.369594,0.4522
0.951,0.0223256,0.452676,0.370364,0.453152,0.370523,0.453152
0.952,0.0223256,0.453628,0.371295,0.454104,0.371453,0.454104
0.953,0.0223256,0.454581,0.372226,0.455058,0.372385,0.455058
0.954,0.0223256,0.455535,0.373159,0.456012,0.373318,0.456012
0.955,0.0223256,0.45649,0.374094,0.456968,0.374253,0.456968
0.956,0.0223256,0.457446,0.375029,0.457924,0.375189,0.457924
0.957,0.0223256,0.458403,0.375967,0.458882,0.376126,0.458882
0.958,0.0223256,0.459361,0.376906,0.45984,0.377065,0.45984
0.959,0.0223256,0.46032,0.377846,0.4608,0.378006,0.4608
0.96,0.0223256,0.46128,0.378788,0.46176,0.378948,0.46176
0.961,0.0223256,0.462241,0.379731,0.462722,0.379891,0.462722
0.962,0.0223256,0.463203,0.380676,0.463684,0.380836,0.463684
0.963,0.0223256,0.464166,0.381622,0.464648,0.381782,0.464648
0.964,0.0223256,0.46513,0.382569,0.465612,0.38273,0.465612
0.965,0.0223256,0.466095,0.383519,0.466578,0.383679,0.466578
0.966,0.0223256,0.467061,0.384469,0.467544,0.38463,0.467544
0.967,0.0223256,0.468028,0.385421,0.468512,0.385582,0.468512
0.968,0.0223256,0.468996,0.386375,0.46948,0.386536,0.46948
0.969,0.0223256,0.469965,0.387329,0.47045,0.387491,0.47045
0.97,0.0223256,0.470935,0.388286,0.47142,0.388448,0.47142
0.971,0.0223256,0.471906,0.389244,0.472392,0.389406,0.472392
0.972,0.0223256,0.472878,0.390203,0.473364,0.390365,0.473364
0.973,0.0223256,0.473851,0.391164,0.474338,0.391326,0.474338
0.974,0.0223256,0.474825,0.392126,0.475312,0.392289,0.475312
0.975,0.0223256,0.4758,0.39309,0.476288,0.393253,0.476288
0.976,0.0223256,0.476776,0.394055,0.477264,0.394218,0.477264
0.977,0.0223256,0.477753,0.395022,0.478242,0.395185,0.478242
0.978,0.0223256,0.478731,0.39599,0.47922,0.396153,0.47922
0.979,0.0223256,0.47971,0.39696,0.4802,0.397123,0.4802
0.98,0.0223256,0.48069,0.397931,0.48118,0.398095,0.48118
0.981,0.0223256,0.481671,0.398904,0.482162,0.399067,0.482162
0.982,0.0223256,0.482653,0.399878,0.483144,0.400042,0.483144
0.983,0.0223256,0.483636,0.400854,0.484128,0.401017,0.484128
0.984,0.0223256,0.48462,0.401831,0.485112,0.401995,0.485112
0.985,0.0223256,0.485605,0.402809,0.486098,0.402974,0.486098
0.986,0.0223256,0.486591,0.403789,0.487084,0.403954,0.487084
0.987,0.0223256,0.487578,0.404771,0.488072,0.404936,0.488072
0.988,0.0223256,0.488566,0.405754,0.48906,0.405919,0.48906
0.989,0.0223256,0.489555,0.406739,0.49005,0.406903,0.49005
0.99,0.0223256,0.490545,0.407725,0.49104,0.40789,0.49104
0.991,0.0223256,0.491536,0.408712,0.492032,0.408877,0.492032
0.992,0.0223256,0.492528,0.409701,0.493024,0.409867,0.493024
0.993,0.0223256,0.493521,0.410692,0.494018,0.410857,0.494018
0.994,0.0223256,0.494515,0.411684,0.495012,0.411849,0.495012
0.995,0.0223256,0.49551,0.412677,0.496008,0.412843,0.496008
0.996,0.0223256,0.496506,0.413672,0.497004,0.413838,0.497004
0.997,0.0223256,0.497503,0.414669,0.498002,0.414835,0.498002
0.998,0.0223256,0.498501,0.415667,0.499,0.415833,0.499
0.999,0.0223256,0.4995,0.416666,0.5,0.416833,0.499833
1,0.0223256,0.5005,0.417667,0.5005,0.417666,0.500499
