x,f(x)one,f(x)two,f(x)three
0,0,0,0
0.001,-0.001,-0.000999999,-0.000999999
0.002,-0.002,-0.002,-0.002
0.003,-0.00299999,-0.00299999,-0.00299999
0.004,-0.00399999,-0.00399998,-0.00399998
0.005,-0.00499997,-0.00499996,-0.00499996
0.006,-0.00599995,-0.00599994,-0.00599994
0.007,-0.00699993,-0.00699991,-0.00699991
0.008,-0.0079999,-0.00799988,-0.00799988
0.009,-0.00899986,-0.00899983,-0.00899983
0.01,-0.00999981,-0.00999978,-0.00999978
0.011,-0.0109997,-0.0109997,-0.0109997
0.012,-0.0119997,-0.0119996,-0.0119996
0.013,-0.0129996,-0.0129995,-0.0129995
0.014,-0.0139995,-0.0139994,-0.0139994
0.015,-0.0149994,-0.0149993,-0.0149993
0.016,-0.0159993,-0.0159992,-0.0159992
0.017,-0.0169991,-0.016999,-0.016999
0.018,-0.0179989,-0.0179989,-0.0179989
0.019,-0.0189988,-0.0189987,-0.0189987
0.02,-0.0199986,-0.0199985,-0.0199985
0.021,-0.0209983,-0.0209982,-0.0209982
0.022,-0.0219981,-0.021998,-0.021998
0.023,-0.0229978,-0.0229977,-0.0229977
0.024,-0.0239976,-0.0239974,-0.0239974
0.025,-0.0249972,-0.0249971,-0.0249971
0.026,-0.0259969,-0.0259967,-0.0259967
0.027,-0.0269965,-0.0269963,-0.0269963
0.028,-0.0279961,-0.0279959,-0.0279959
0.029,-0.0289957,-0.0289955,-0.0289955
0.03,-0.0299953,-0.029995,-0.029995
0.031,-0.0309948,-0.0309945,-0.0309945
0.032,-0.0319943,-0.031994,-0.031994
0.033,-0.0329937,-0.0329934,-0.0329934
0.034,-0.0339932,-0.0339929,-0.0339928
0.035,-0.0349925,-0.0349922,-0.0349922
0.036,-0.0359919,-0.0359916,-0.0359915
0.037,-0.0369912,-0.0369909,-0.0369908
0.038,-0.0379905,-0.0379901,-0.0379901
0.039,-0.0389897,-0.0389893,-0.0389893
0.04,-0.0399889,-0.0399885,-0.0399885
0.041,-0.0409881,-0.0409876,-0.0409876
0.042,-0.0419872,-0.0419867,-0.0419867
0.043,-0.0429863,-0.0429858,-0.0429858
0.044,-0.0439853,-0.0439848,-0.0439848
0.045,-0.0449843,-0.0449838,-0.0449838
0.046,-0.0459832,-0.0459827,-0.0459827
0.047,-0.0469821,-0.0469816,-0.0469816
0.048,-0.047981,-0.0479804,-0.0479804
0.049,-0.0489798,-0.0489792,-0.0489792
0.05,-0.0499785,-0.0499779,-0.0499779
0.051,-0.0509772,-0.0509766,-0.0509766
0.052,-0.0519759,-0.0519752,-0.0519752
0.053,-0.0529745,-0.0529738,-0.0529737
0.054,-0.053973,-0.0539723,-0.0539723
0.055,-0.0549715,-0.0549707,-0.0549707
0.056,-0.0559699,-0.0559691,-0.0559691
0.057,-0.0569683,-0.0569675,-0.0569675
0.058,-0.0579666,-0.0579658,-0.0579658
0.059,-0.0589649,-0.058964,-0.058964
0.06,-0.0599631,-0.0599622,-0.0599622
0.061,-0.0609612,-0.0609603,-0.0609603
0.062,-0.0619593,-0.0619583,-0.0619583
0.063,-0.0629573,-0.0629563,-0.0629563
0.064,-0.0639553,-0.0639542,-0.0639542
0.065,-0.0649532,-0.0649521,-0.0649521
0.066,-0.065951,-0.0659499,-0.0659499
0.067,-0.0669488,-0.0669476,-0.0669476
0.068,-0.0679464,-0.0679453,-0.0679452
0.069,-0.0689441,-0.0689428,-0.0689428
0.07,-0.0699416,-0.0699404,-0.0699403
0.071,-0.0709391,-0.0709378,-0.0709378
0.072,-0.0719365,-0.0719352,-0.0719352
0.073,-0.0729338,-0.0729325,-0.0729325
0.074,-0.0739311,-0.0739297,-0.0739297
0.075,-0.0749283,-0.0749269,-0.0749268
0.076,-0.0759254,-0.0759239,-0.0759239
0.077,-0.0769224,-0.0769209,-0.0769209
0.078,-0.0779194,-0.0779178,-0.0779178
0.079,-0.0789163,-0.0789147,-0.0789147
0.08,-0.0799131,-0.0799114,-0.0799114
0.081,-0.0809098,-0.0809081,-0.0809081
0.082,-0.0819064,-0.0819047,-0.0819047
0.083,-0.082903,-0.0829012,-0.0829012
0.084,-0.0838995,-0.0838977,-0.0838977
0.085,-0.0848959,-0.084894,-0.084894
0.086,-0.0858922,-0.0858903,-0.0858903
0.087,-0.0868884,-0.0868865,-0.0868864
0.088,-0.0878845,-0.0878825,-0.0878825
0.089,-0.0888806,-0.0888785,-0.0888785
0.09,-0.0898765,-0.0898744,-0.0898744
0.091,-0.0908724,-0.0908703,-0.0908703
0.092,-0.0918682,-0.091866,-0.091866
0.093,-0.0928638,-0.0928616,-0.0928616
0.094,-0.0938594,-0.0938572,-0.0938571
0.095,-0.0948549,-0.0948526,-0.0948526
0.096,-0.0958503,-0.095848,-0.0958479
0.097,-0.0968456,-0.0968432,-0.0968432
0.098,-0.0978408,-0.0978384,-0.0978383
0.099,-0.0988359,-0.0988334,-0.0988334
0.1,-0.0998309,-0.0998284,-0.0998283
0.101,-0.100826,-0.100823,-0.100823
0.102,-0.101821,-0.101818,-0.101818
0.103,-0.102815,-0.102813,-0.102813
0.104,-0.10381,-0.103807,-0.103807
0.105,-0.104804,-0.104802,-0.104802
0.106,-0.105799,-0.105796,-0.105796
0.107,-0.106793,-0.10679,-0.10679
0.108,-0.107787,-0.107784,-0.107784
0.109,-0.108781,-0.108778,-0.108778
0.11,-0.109775,-0.109772,-0.109772
0.111,-0.110769,-0.110766,-0.110766
0.112,-0.111763,-0.11176,-0.11176
0.113,-0.112756,-0.112753,-0.112753
0.114,-0.11375,-0.113747,-0.113747
0.115,-0.114743,-0.11474,-0.11474
0.116,-0.115737,-0.115733,-0.115733
0.117,-0.11673,-0.116726,-0.116726
0.118,-0.117723,-0.117719,-0.117719
0.119,-0.118716,-0.118712,-0.118712
0.12,-0.119709,-0.119705,-0.119705
0.121,-0.120701,-0.120698,-0.120698
0.122,-0.121694,-0.12169,-0.12169
0.123,-0.122686,-0.122682,-0.122682
0.124,-0.123679,-0.123675,-0.123675
0.125,-0.124671,-0.124667,-0.124667
0.126,-0.125663,-0.125659,-0.125659
0.127,-0.126655,-0.126651,-0.126651
0.128,-0.127647,-0.127643,-0.127642
0.129,-0.128638,-0.128634,-0.128634
0.13,-0.12963,-0.129626,-0.129626
0.131,-0.130621,-0.130617,-0.130617
0.132,-0.131613,-0.131608,-0.131608
0.133,-0.132604,-0.132599,-0.132599
0.134,-0.133595,-0.13359,-0.13359
0.135,-0.134586,-0.134581,-0.134581
0.136,-0.135577,-0.135572,-0.135572
0.137,-0.136567,-0.136562,-0.136562
0.138,-0.137558,-0.137553,-0.137553
0.139,-0.138548,-0.138543,-0.138543
0.14,-0.139538,-0.139533,-0.139533
0.141,-0.140528,-0.140523,-0.140523
0.142,-0.141518,-0.141513,-0.141513
0.143,-0.142508,-0.142503,-0.142503
0.144,-0.143498,-0.143492,-0.143492
0.145,-0.144487,-0.144482,-0.144482
0.146,-0.145477,-0.145471,-0.145471
0.147,-0.146466,-0.14646,-0.14646
0.148,-0.147455,-0.147449,-0.147449
0.149,-0.148444,-0.148438,-0.148438
0.15,-0.149433,-0.149427,-0.149427
0.151,-0.150421,-0.150415,-0.150415
0.152,-0.15141,-0.151404,-0.151404
0.153,-0.152398,-0.152392,-0.152392
0.154,-0.153386,-0.15338,-0.15338
0.155,-0.154374,-0.154368,-0.154368
0.156,-0.155362,-0.155356,-0.155356
0.157,-0.15635,-0.156343,-0.156343
0.158,-0.157337,-0.157331,-0.157331
0.159,-0.158325,-0.158318,-0.158318
0.16,-0.159312,-0.159305,-0.159305
0.161,-0.160299,-0.160292,-0.160292
0.162,-0.161286,-0.161279,-0.161279
0.163,-0.162273,-0.162266,-0.162266
0.164,-0.163259,-0.163252,-0.163252
0.165,-0.164246,-0.164239,-0.164239
0.166,-0.165232,-0.165225,-0.165225
0.167,-0.166218,-0.166211,-0.166211
0.168,-0.167204,-0.167197,-0.167197
0.169,-0.16819,-0.168182,-0.168182
0.17,-0.169175,-0.169168,-0.169168
0.171,-0.170161,-0.170153,-0.170153
0.172,-0.171146,-0.171138,-0.171138
0.173,-0.172131,-0.172123,-0.172123
0.174,-0.173116,-0.173108,-0.173108
0.175,-0.1741,-0.174093,-0.174093
0.176,-0.175085,-0.175077,-0.175077
0.177,-0.176069,-0.176062,-0.176061
0.178,-0.177054,-0.177046,-0.177046
0.179,-0.178038,-0.17803,-0.17803
0.18,-0.179021,-0.179013,-0.179013
0.181,-0.180005,-0.179997,-0.179997
0.182,-0.180989,-0.18098,-0.18098
0.183,-0.181972,-0.181963,-0.181963
0.184,-0.182955,-0.182947,-0.182946
0.185,-0.183938,-0.183929,-0.183929
0.186,-0.184921,-0.184912,-0.184912
0.187,-0.185903,-0.185894,-0.185894
0.188,-0.186886,-0.186877,-0.186877
0.189,-0.187868,-0.187859,-0.187859
0.19,-0.18885,-0.188841,-0.188841
0.191,-0.189832,-0.189823,-0.189822
0.192,-0.190813,-0.190804,-0.190804
0.193,-0.191795,-0.191785,-0.191785
0.194,-0.192776,-0.192767,-0.192766
0.195,-0.193757,-0.193747,-0.193747
0.196,-0.194738,-0.194728,-0.194728
0.197,-0.195719,-0.195709,-0.195709
0.198,-0.196699,-0.196689,-0.196689
0.199,-0.197679,-0.197669,-0.197669
0.2,-0.198659,-0.198649,-0.198649
0.201,-0.199639,-0.199629,-0.199629
0.202,-0.200619,-0.200609,-0.200609
0.203,-0.201598,-0.201588,-0.201588
0.204,-0.202578,-0.202567,-0.202567
0.205,-0.203557,-0.203546,-0.203546
0.206,-0.204536,-0.204525,-0.204525
0.207,-0.205514,-0.205503,-0.205503
0.208,-0.206493,-0.206482,-0.206482
0.209,-0.207471,-0.20746,-0.20746
0.21,-0.208449,-0.208438,-0.208438
0.211,-0.209427,-0.209416,-0.209415
0.212,-0.210404,-0.210393,-0.210393
0.213,-0.211382,-0.21137,-0.21137
0.214,-0.212359,-0.212347,-0.212347
0.215,-0.213336,-0.213324,-0.213324
0.216,-0.214313,-0.214301,-0.214301
0.217,-0.215289,-0.215277,-0.215277
0.218,-0.216266,-0.216254,-0.216254
0.219,-0.217242,-0.21723,-0.21723
0.22,-0.218218,-0.218205,-0.218205
0.221,-0.219193,-0.219181,-0.219181
0.222,-0.220169,-0.220156,-0.220156
0.223,-0.221144,-0.221131,-0.221131
0.224,-0.222119,-0.222106,-0.222106
0.225,-0.223094,-0.223081,-0.223081
0.226,-0.224068,-0.224055,-0.224055
0.227,-0.225043,-0.22503,-0.22503
0.228,-0.226017,-0.226004,-0.226004
0.229,-0.226991,-0.226978,-0.226977
0.23,-0.227964,-0.227951,-0.227951
0.231,-0.228938,-0.228924,-0.228924
0.232,-0.229911,-0.229897,-0.229897
0.233,-0.230884,-0.23087,-0.23087
0.234,-0.231857,-0.231843,-0.231843
0.235,-0.232829,-0.232815,-0.232815
0.236,-0.233802,-0.233788,-0.233787
0.237,-0.234774,-0.234759,-0.234759
0.238,-0.235745,-0.235731,-0.235731
0.239,-0.236717,-0.236703,-0.236703
0.24,-0.237688,-0.237674,-0.237674
0.241,-0.238659,-0.238645,-0.238645
0.242,-0.23963,-0.239616,-0.239616
0.243,-0.240601,-0.240586,-0.240586
0.244,-0.241571,-0.241556,-0.241556
0.245,-0.242541,-0.242526,-0.242526
0.246,-0.243511,-0.243496,-0.243496
0.247,-0.244481,-0.244466,-0.244466
0.248,-0.24545,-0.245435,-0.245435
0.249,-0.246419,-0.246404,-0.246404
0.25,-0.247388,-0.247373,-0.247373
0.251,-0.248357,-0.248341,-0.248341
0.252,-0.249325,-0.24931,-0.24931
0.253,-0.250294,-0.250278,-0.250278
0.254,-0.251262,-0.251245,-0.251245
0.255,-0.252229,-0.252213,-0.252213
0.256,-0.253197,-0.25318,-0.25318
0.257,-0.254164,-0.254147,-0.254147
0.258,-0.255131,-0.255114,-0.255114
0.259,-0.256097,-0.256081,-0.25608
0.26,-0.257064,-0.257047,-0.257047
0.261,-0.25803,-0.258013,-0.258013
0.262,-0.258996,-0.258979,-0.258978
0.263,-0.259961,-0.259944,-0.259944
0.264,-0.260927,-0.260909,-0.260909
0.265,-0.261892,-0.261874,-0.261874
0.266,-0.262857,-0.262839,-0.262839
0.267,-0.263821,-0.263803,-0.263803
0.268,-0.264785,-0.264768,-0.264767
0.269,-0.26575,-0.265731,-0.265731
0.27,-0.266713,-0.266695,-0.266695
0.271,-0.267677,-0.267658,-0.267658
0.272,-0.26864,-0.268622,-0.268621
0.273,-0.269603,-0.269584,-0.269584
0.274,-0.270566,-0.270547,-0.270547
0.275,-0.271528,-0.271509,-0.271509
0.276,-0.27249,-0.272471,-0.272471
0.277,-0.273452,-0.273433,-0.273433
0.278,-0.274414,-0.274394,-0.274394
0.279,-0.275375,-0.275356,-0.275356
0.28,-0.276336,-0.276317,-0.276316
0.281,-0.277297,-0.277277,-0.277277
0.282,-0.278257,-0.278238,-0.278237
0.283,-0.279218,-0.279198,-0.279198
0.284,-0.280178,-0.280157,-0.280157
0.285,-0.281137,-0.281117,-0.281117
0.286,-0.282097,-0.282076,-0.282076
0.287,-0.283056,-0.283035,-0.283035
0.288,-0.284015,-0.283994,-0.283994
0.289,-0.284973,-0.284952,-0.284952
0.29,-0.285931,-0.28591,-0.28591
0.291,-0.286889,-0.286868,-0.286868
0.292,-0.287847,-0.287826,-0.287826
0.293,-0.288804,-0.288783,-0.288783
0.294,-0.289761,-0.28974,-0.28974
0.295,-0.290718,-0.290696,-0.290696
0.296,-0.291675,-0.291653,-0.291653
0.297,-0.292631,-0.292609,-0.292609
0.298,-0.293587,-0.293565,-0.293565
0.299,-0.294543,-0.29452,-0.29452
0.3,-0.295498,-0.295475,-0.295475
0.301,-0.296453,-0.29643,-0.29643
0.302,-0.297408,-0.297385,-0.297385
0.303,-0.298362,-0.298339,-0.298339
0.304,-0.299316,-0.299293,-0.299293
0.305,-0.30027,-0.300247,-0.300247
0.306,-0.301224,-0.3012,-0.3012
0.307,-0.302177,-0.302153,-0.302153
0.308,-0.30313,-0.303106,-0.303106
0.309,-0.304082,-0.304059,-0.304059
0.31,-0.305035,-0.305011,-0.305011
0.311,-0.305987,-0.305963,-0.305963
0.312,-0.306939,-0.306914,-0.306914
0.313,-0.30789,-0.307865,-0.307865
0.314,-0.308841,-0.308816,-0.308816
0.315,-0.309792,-0.309767,-0.309767
0.316,-0.310742,-0.310717,-0.310717
0.317,-0.311693,-0.311667,-0.311667
0.318,-0.312642,-0.312617,-0.312617
0.319,-0.313592,-0.313567,-0.313566
0.32,-0.314541,-0.314516,-0.314516
0.321,-0.31549,-0.315464,-0.315464
0.322,-0.316439,-0.316413,-0.316413
0.323,-0.317387,-0.317361,-0.317361
0.324,-0.318335,-0.318309,-0.318309
0.325,-0.319283,-0.319256,-0.319256
0.326,-0.32023,-0.320203,-0.320203
0.327,-0.321177,-0.32115,-0.32115
0.328,-0.322124,-0.322097,-0.322097
0.329,-0.32307,-0.323043,-0.323043
0.33,-0.324016,-0.323989,-0.323989
0.331,-0.324962,-0.324934,-0.324934
0.332,-0.325907,-0.32588,-0.32588
0.333,-0.326852,-0.326825,-0.326825
0.334,-0.327797,-0.327769,-0.327769
0.335,-0.328741,-0.328713,-0.328713
0.336,-0.329685,-0.329657,-0.329657
0.337,-0.330629,-0.330601,-0.330601
0.338,-0.331573,-0.331544,-0.331544
0.339,-0.332516,-0.332487,-0.332487
0.34,-0.333458,-0.33343,-0.33343
0.341,-0.334401,-0.334372,-0.334372
0.342,-0.335343,-0.335314,-0.335314
0.343,-0.336285,-0.336255,-0.336255
0.344,-0.337226,-0.337197,-0.337197
0.345,-0.338167,-0.338138,-0.338137
0.346,-0.339108,-0.339078,-0.339078
0.347,-0.340048,-0.340018,-0.340018
0.348,-0.340988,-0.340958,-0.340958
0.349,-0.341928,-0.341898,-0.341898
0.35,-0.342867,-0.342837,-0.342837
0.351,-0.343806,-0.343776,-0.343776
0.352,-0.344745,-0.344714,-0.344714
0.353,-0.345684,-0.345653,-0.345652
0.354,-0.346622,-0.34659,-0.34659
0.355,-0.347559,-0.347528,-0.347528
0.356,-0.348496,-0.348465,-0.348465
0.357,-0.349433,-0.349402,-0.349402
0.358,-0.35037,-0.350338,-0.350338
0.359,-0.351306,-0.351274,-0.351274
0.36,-0.352242,-0.35221,-0.35221
0.361,-0.353178,-0.353145,-0.353145
0.362,-0.354113,-0.35408,-0.35408
0.363,-0.355048,-0.355015,-0.355015
0.364,-0.355982,-0.355949,-0.355949
0.365,-0.356916,-0.356883,-0.356883
0.366,-0.35785,-0.357817,-0.357817
0.367,-0.358784,-0.35875,-0.35875
0.368,-0.359717,-0.359683,-0.359683
0.369,-0.360649,-0.360615,-0.360615
0.37,-0.361582,-0.361548,-0.361547
0.371,-0.362514,-0.362479,-0.362479
0.372,-0.363445,-0.363411,-0.363411
0.373,-0.364376,-0.364342,-0.364342
0.374,-0.365307,-0.365272,-0.365272
0.375,-0.366238,-0.366203,-0.366203
0.376,-0.367168,-0.367133,-0.367133
0.377,-0.368098,-0.368062,-0.368062
0.378,-0.369027,-0.368992,-0.368992
0.379,-0.369956,-0.36992,-0.36992
0.38,-0.370885,-0.370849,-0.370849
0.381,-0.371813,-0.371777,-0.371777
0.382,-0.372741,-0.372705,-0.372705
0.383,-0.373669,-0.373632,-0.373632
0.384,-0.374596,-0.374559,-0.374559
0.385,-0.375523,-0.375486,-0.375486
0.386,-0.376449,-0.376412,-0.376412
0.387,-0.377375,-0.377338,-0.377338
0.388,-0.378301,-0.378263,-0.378263
0.389,-0.379226,-0.379188,-0.379188
0.39,-0.380151,-0.380113,-0.380113
0.391,-0.381075,-0.381037,-0.381037
0.392,-0.382,-0.381961,-0.381961
0.393,-0.382923,-0.382885,-0.382885
0.394,-0.383847,-0.383808,-0.383808
0.395,-0.38477,-0.384731,-0.384731
0.396,-0.385692,-0.385653,-0.385653
0.397,-0.386614,-0.386575,-0.386575
0.398,-0.387536,-0.387497,-0.387497
0.399,-0.388458,-0.388418,-0.388418
0.4,-0.389379,-0.389339,-0.389339
0.401,-0.3903,-0.39026,-0.39026
0.402,-0.39122,-0.39118,-0.39118
0.403,-0.39214,-0.392099,-0.392099
0.404,-0.393059,-0.393019,-0.393019
0.405,-0.393978,-0.393938,-0.393938
0.406,-0.394897,-0.394856,-0.394856
0.407,-0.395815,-0.395774,-0.395774
0.408,-0.396733,-0.396692,-0.396692
0.409,-0.397651,-0.397609,-0.397609
0.41,-0.398568,-0.398526,-0.398526
0.411,-0.399485,-0.399443,-0.399443
0.412,-0.400401,-0.400359,-0.400359
0.413,-0.401317,-0.401275,-0.401275
0.414,-0.402232,-0.40219,-0.40219
0.415,-0.403147,-0.403105,-0.403105
0.416,-0.404062,-0.404019,-0.404019
0.417,-0.404976,-0.404933,-0.404933
0.418,-0.40589,-0.405847,-0.405847
0.419,-0.406804,-0.40676,-0.40676
0.42,-0.407717,-0.407673,-0.407673
0.421,-0.40863,-0.408586,-0.408586
0.422,-0.409542,-0.409498,-0.409498
0.423,-0.410454,-0.41041,-0.410409
0.424,-0.411365,-0.411321,-0.411321
0.425,-0.412276,-0.412232,-0.412232
0.426,-0.413187,-0.413142,-0.413142
0.427,-0.414097,-0.414052,-0.414052
0.428,-0.415007,-0.414962,-0.414962
0.429,-0.415916,-0.415871,-0.415871
0.43,-0.416825,-0.41678,-0.416779
0.431,-0.417734,-0.417688,-0.417688
0.432,-0.418642,-0.418596,-0.418596
0.433,-0.41955,-0.419503,-0.419503
0.434,-0.420457,-0.42041,-0.42041
0.435,-0.421364,-0.421317,-0.421317
0.436,-0.42227,-0.422223,-0.422223
0.437,-0.423176,-0.423129,-0.423129
0.438,-0.424082,-0.424034,-0.424034
0.439,-0.424987,-0.424939,-0.424939
0.44,-0.425892,-0.425844,-0.425844
0.441,-0.426796,-0.426748,-0.426748
0.442,-0.4277,-0.427652,-0.427652
0.443,-0.428603,-0.428555,-0.428555
0.444,-0.429507,-0.429458,-0.429458
0.445,-0.430409,-0.43036,-0.43036
0.446,-0.431311,-0.431262,-0.431262
0.447,-0.432213,-0.432164,-0.432164
0.448,-0.433114,-0.433065,-0.433065
0.449,-0.434015,-0.433965,-0.433965
0.45,-0.434916,-0.434866,-0.434866
0.451,-0.435816,-0.435766,-0.435765
0.452,-0.436715,-0.436665,-0.436665
0.453,-0.437614,-0.437564,-0.437564
0.454,-0.438513,-0.438462,-0.438462
0.455,-0.439411,-0.43936,-0.43936
0.456,-0.440309,-0.440258,-0.440258
0.457,-0.441207,-0.441155,-0.441155
0.458,-0.442104,-0.442052,-0.442052
0.459,-0.443,-0.442948,-0.442948
0.46,-0.443896,-0.443844,-0.443844
0.461,-0.444792,-0.444739,-0.444739
0.462,-0.445687,-0.445634,-0.445634
0.463,-0.446582,-0.446529,-0.446529
0.464,-0.447476,-0.447423,-0.447423
0.465,-0.44837,-0.448316,-0.448316
0.466,-0.449263,-0.44921,-0.449209
0.467,-0.450156,-0.450102,-0.450102
0.468,-0.451048,-0.450994,-0.450994
0.469,-0.45194,-0.451886,-0.451886
0.47,-0.452832,-0.452778,-0.452778
0.471,-0.453723,-0.453668,-0.453668
0.472,-0.454614,-0.454559,-0.454559
0.473,-0.455504,-0.455449,-0.455449
0.474,-0.456394,-0.456338,-0.456338
0.475,-0.457283,-0.457227,-0.457227
0.476,-0.458172,-0.458116,-0.458116
0.477,-0.45906,-0.459004,-0.459004
0.478,-0.459948,-0.459892,-0.459892
0.479,-0.460836,-0.460779,-0.460779
0.48,-0.461723,-0.461666,-0.461666
0.481,-0.462609,-0.462552,-0.462552
0.482,-0.463495,-0.463438,-0.463438
0.483,-0.464381,-0.464323,-0.464323
0.484,-0.465266,-0.465208,-0.465208
0.485,-0.466151,-0.466093,-0.466093
0.486,-0.467035,-0.466977,-0.466977
0.487,-0.467919,-0.46786,-0.46786
0.488,-0.468802,-0.468743,-0.468743
0.489,-0.469685,-0.469626,-0.469626
0.49,-0.470567,-0.470508,-0.470508
0.491,-0.471449,-0.47139,-0.471389
0.492,-0.47233,-0.472271,-0.472271
0.493,-0.473211,-0.473151,-0.473151
0.494,-0.474092,-0.474032,-0.474032
0.495,-0.474972,-0.474911,-0.474911
0.496,-0.475851,-0.475791,-0.475791
0.497,-0.47673,-0.476669,-0.476669
0.498,-0.477609,-0.477548,-0.477548
0.499,-0.478487,-0.478425,-0.478425
0.5,-0.479364,-0.479303,-0.479303
0.501,-0.480241,-0.48018,-0.48018
0.502,-0.481118,-0.481056,-0.481056
0.503,-0.481994,-0.481932,-0.481932
0.504,-0.48287,-0.482807,-0.482807
0.505,-0.483745,-0.483682,-0.483682
0.506,-0.48462,-0.484557,-0.484557
0.507,-0.485494,-0.485431,-0.485431
0.508,-0.486368,-0.486304,-0.486304
0.509,-0.487241,-0.487177,-0.487177
0.51,-0.488114,-0.48805,-0.48805
0.511,-0.488986,-0.488922,-0.488922
0.512,-0.489858,-0.489793,-0.489793
0.513,-0.490729,-0.490664,-0.490664
0.514,-0.4916,-0.491535,-0.491535
0.515,-0.49247,-0.492405,-0.492405
0.516,-0.49334,-0.493274,-0.493274
0.517,-0.494209,-0.494143,-0.494143
0.518,-0.495078,-0.495012,-0.495012
0.519,-0.495946,-0.49588,-0.49588
0.52,-0.496814,-0.496748,-0.496748
0.521,-0.497681,-0.497615,-0.497615
0.522,-0.498548,-0.498481,-0.498481
0.523,-0.499414,-0.499347,-0.499347
0.524,-0.50028,-0.500213,-0.500213
0.525,-0.501146,-0.501078,-0.501078
0.526,-0.50201,-0.501943,-0.501943
0.527,-0.502875,-0.502807,-0.502807
0.528,-0.503739,-0.50367,-0.50367
0.529,-0.504602,-0.504533,-0.504533
0.53,-0.505465,-0.505396,-0.505396
0.531,-0.506327,-0.506258,-0.506258
0.532,-0.507189,-0.507119,-0.507119
0.533,-0.50805,-0.50798,-0.50798
0.534,-0.508911,-0.508841,-0.508841
0.535,-0.509771,-0.509701,-0.509701
0.536,-0.510631,-0.510561,-0.51056
0.537,-0.51149,-0.51142,-0.511419
0.538,-0.512349,-0.512278,-0.512278
0.539,-0.513207,-0.513136,-0.513136
0.54,-0.514065,-0.513993,-0.513993
0.541,-0.514922,-0.51485,-0.51485
0.542,-0.515779,-0.515707,-0.515707
0.543,-0.516635,-0.516563,-0.516563
0.544,-0.51749,-0.517418,-0.517418
0.545,-0.518346,-0.518273,-0.518273
0.546,-0.5192,-0.519127,-0.519127
0.547,-0.520054,-0.519981,-0.519981
0.548,-0.520908,-0.520834,-0.520834
0.549,-0.521761,-0.521687,-0.521687
0.55,-0.522613,-0.522539,-0.522539
0.551,-0.523465,-0.523391,-0.523391
0.552,-0.524317,-0.524242,-0.524242
0.553,-0.525168,-0.525093,-0.525093
0.554,-0.526018,-0.525943,-0.525943
0.555,-0.526868,-0.526793,-0.526793
0.556,-0.527718,-0.527642,-0.527642
0.557,-0.528566,-0.528491,-0.52849
0.558,-0.529415,-0.529339,-0.529339
0.559,-0.530263,-0.530186,-0.530186
0.56,-0.53111,-0.531033,-0.531033
0.561,-0.531957,-0.53188,-0.53188
0.562,-0.532803,-0.532726,-0.532725
0.563,-0.533648,-0.533571,-0.533571
0.564,-0.534493,-0.534416,-0.534416
0.565,-0.535338,-0.53526,-0.53526
0.566,-0.536182,-0.536104,-0.536104
0.567,-0.537026,-0.536947,-0.536947
0.568,-0.537869,-0.53779,-0.53779
0.569,-0.538711,-0.538632,-0.538632
0.57,-0.539553,-0.539474,-0.539474
0.571,-0.540394,-0.540315,-0.540315
0.572,-0.541235,-0.541155,-0.541155
0.573,-0.542075,-0.541995,-0.541995
0.574,-0.542915,-0.542835,-0.542835
0.575,-0.543754,-0.543674,-0.543674
0.576,-0.544593,-0.544512,-0.544512
0.577,-0.545431,-0.54535,-0.54535
0.578,-0.546269,-0.546187,-0.546187
0.579,-0.547106,-0.547024,-0.547024
0.58,-0.547942,-0.54786,-0.54786
0.581,-0.548778,-0.548696,-0.548696
0.582,-0.549613,-0.549531,-0.549531
0.583,-0.550448,-0.550365,-0.550365
0.584,-0.551282,-0.551199,-0.551199
0.585,-0.552116,-0.552033,-0.552033
0.586,-0.552949,-0.552866,-0.552866
0.587,-0.553782,-0.553698,-0.553698
0.588,-0.554614,-0.55453,-0.55453
0.589,-0.555446,-0.555361,-0.555361
0.59,-0.556276,-0.556192,-0.556192
0.591,-0.557107,-0.557022,-0.557022
0.592,-0.557937,-0.557851,-0.557851
0.593,-0.558766,-0.55868,-0.55868
0.594,-0.559595,-0.559509,-0.559509
0.595,-0.560423,-0.560337,-0.560336
0.596,-0.56125,-0.561164,-0.561164
0.597,-0.562077,-0.561991,-0.561991
0.598,-0.562904,-0.562817,-0.562817
0.599,-0.56373,-0.563642,-0.563642
0.6,-0.564555,-0.564467,-0.564467
0.601,-0.56538,-0.565292,-0.565292
0.602,-0.566204,-0.566116,-0.566116
0.603,-0.567028,-0.566939,-0.566939
0.604,-0.567851,-0.567762,-0.567762
0.605,-0.568673,-0.568584,-0.568584
0.606,-0.569495,-0.569406,-0.569406
0.607,-0.570317,-0.570227,-0.570227
0.608,-0.571137,-0.571047,-0.571047
0.609,-0.571958,-0.571867,-0.571867
0.61,-0.572777,-0.572687,-0.572687
0.611,-0.573596,-0.573506,-0.573505
0.612,-0.574415,-0.574324,-0.574324
0.613,-0.575233,-0.575141,-0.575141
0.614,-0.57605,-0.575958,-0.575958
0.615,-0.576867,-0.576775,-0.576775
0.616,-0.577683,-0.577591,-0.577591
0.617,-0.578499,-0.578406,-0.578406
0.618,-0.579314,-0.579221,-0.579221
0.619,-0.580128,-0.580035,-0.580035
0.62,-0.580942,-0.580849,-0.580849
0.621,-0.581755,-0.581662,-0.581662
0.622,-0.582568,-0.582474,-0.582474
0.623,-0.58338,-0.583286,-0.583286
0.624,-0.584192,-0.584097,-0.584097
0.625,-0.585003,-0.584908,-0.584908
0.626,-0.585813,-0.585718,-0.585718
0.627,-0.586623,-0.586527,-0.586527
0.628,-0.587432,-0.587336,-0.587336
0.629,-0.588241,-0.588145,-0.588145
0.63,-0.589049,-0.588952,-0.588952
0.631,-0.589856,-0.58976,-0.589759
0.632,-0.590663,-0.590566,-0.590566
0.633,-0.591469,-0.591372,-0.591372
0.634,-0.592275,-0.592177,-0.592177
0.635,-0.59308,-0.592982,-0.592982
0.636,-0.593884,-0.593786,-0.593786
0.637,-0.594688,-0.59459,-0.59459
0.638,-0.595492,-0.595393,-0.595393
0.639,-0.596294,-0.596195,-0.596195
0.64,-0.597096,-0.596997,-0.596997
0.641,-0.597898,-0.597798,-0.597798
0.642,-0.598699,-0.598599,-0.598599
0.643,-0.599499,-0.599399,-0.599399
0.644,-0.600299,-0.600198,-0.600198
0.645,-0.601098,-0.600997,-0.600997
0.646,-0.601896,-0.601795,-0.601795
0.647,-0.602694,-0.602593,-0.602593
0.648,-0.603492,-0.60339,-0.60339
0.649,-0.604288,-0.604186,-0.604186
0.65,-0.605084,-0.604982,-0.604982
0.651,-0.60588,-0.605777,-0.605777
0.652,-0.606675,-0.606572,-0.606572
0.653,-0.607469,-0.607366,-0.607366
0.654,-0.608263,-0.608159,-0.608159
0.655,-0.609056,-0.608952,-0.608952
0.656,-0.609848,-0.609744,-0.609744
0.657,-0.61064,-0.610536,-0.610535
0.658,-0.611431,-0.611327,-0.611326
0.659,-0.612222,-0.612117,-0.612117
0.66,-0.613012,-0.612906,-0.612906
0.661,-0.613801,-0.613696,-0.613695
0.662,-0.61459,-0.614484,-0.614484
0.663,-0.615378,-0.615272,-0.615272
0.664,-0.616166,-0.616059,-0.616059
0.665,-0.616953,-0.616846,-0.616846
0.666,-0.617739,-0.617632,-0.617632
0.667,-0.618525,-0.618417,-0.618417
0.668,-0.61931,-0.619202,-0.619202
0.669,-0.620094,-0.619986,-0.619986
0.67,-0.620878,-0.620769,-0.620769
0.671,-0.621661,-0.621552,-0.621552
0.672,-0.622444,-0.622335,-0.622334
0.673,-0.623226,-0.623116,-0.623116
0.674,-0.624007,-0.623897,-0.623897
0.675,-0.624788,-0.624678,-0.624678
0.676,-0.625568,-0.625457,-0.625457
0.677,-0.626347,-0.626237,-0.626236
0.678,-0.627126,-0.627015,-0.627015
0.679,-0.627904,-0.627793,-0.627793
0.68,-0.628682,-0.62857,-0.62857
0.681,-0.629459,-0.629347,-0.629347
0.682,-0.630235,-0.630123,-0.630123
0.683,-0.631011,-0.630898,-0.630898
0.684,-0.631786,-0.631673,-0.631673
0.685,-0.63256,-0.632447,-0.632447
0.686,-0.633334,-0.633221,-0.63322
0.687,-0.634107,-0.633993,-0.633993
0.688,-0.63488,-0.634766,-0.634765
0.689,-0.635652,-0.635537,-0.635537
0.69,-0.636423,-0.636308,-0.636308
0.691,-0.637193,-0.637078,-0.637078
0.692,-0.637963,-0.637848,-0.637848
0.693,-0.638733,-0.638617,-0.638617
0.694,-0.639501,-0.639385,-0.639385
0.695,-0.640269,-0.640153,-0.640153
0.696,-0.641037,-0.64092,-0.64092
0.697,-0.641804,-0.641687,-0.641687
0.698,-0.64257,-0.642452,-0.642452
0.699,-0.643335,-0.643218,-0.643218
0.7,-0.6441,-0.643982,-0.643982
0.701,-0.644864,-0.644746,-0.644746
0.702,-0.645628,-0.645509,-0.645509
0.703,-0.646391,-0.646272,-0.646272
0.704,-0.647153,-0.647034,-0.647034
0.705,-0.647915,-0.647795,-0.647795
0.706,-0.648676,-0.648556,-0.648556
0.707,-0.649436,-0.649316,-0.649316
0.708,-0.650196,-0.650075,-0.650075
0.709,-0.650955,-0.650834,-0.650834
0.71,-0.651713,-0.651592,-0.651592
0.711,-0.652471,-0.652349,-0.652349
0.712,-0.653228,-0.653106,-0.653106
0.713,-0.653984,-0.653862,-0.653862
0.714,-0.65474,-0.654617,-0.654617
0.715,-0.655495,-0.655372,-0.655372
0.716,-0.656249,-0.656126,-0.656126
0.717,-0.657003,-0.65688,-0.65688
0.718,-0.657756,-0.657632,-0.657632
0.719,-0.658509,-0.658385,-0.658385
0.72,-0.659261,-0.659136,-0.659136
0.721,-0.660012,-0.659887,-0.659887
0.722,-0.660762,-0.660637,-0.660637
0.723,-0.661512,-0.661387,-0.661386
0.724,-0.662261,-0.662135,-0.662135
0.725,-0.66301,-0.662884,-0.662883
0.726,-0.663757,-0.663631,-0.663631
0.727,-0.664505,-0.664378,-0.664378
0.728,-0.665251,-0.665124,-0.665124
0.729,-0.665997,-0.66587,-0.665869
0.73,-0.666742,-0.666614,-0.666614
0.731,-0.667487,-0.667359,-0.667358
0.732,-0.668231,-0.668102,-0.668102
0.733,-0.668974,-0.668845,-0.668845
0.734,-0.669716,-0.669587,-0.669587
0.735,-0.670458,-0.670329,-0.670328
0.736,-0.671199,-0.671069,-0.671069
0.737,-0.67194,-0.67181,-0.671809
0.738,-0.672679,-0.672549,-0.672549
0.739,-0.673419,-0.673288,-0.673288
0.74,-0.674157,-0.674026,-0.674026
0.741,-0.674895,-0.674763,-0.674763
0.742,-0.675632,-0.6755,-0.6755
0.743,-0.676368,-0.676236,-0.676236
0.744,-0.677104,-0.676972,-0.676972
0.745,-0.677839,-0.677707,-0.677706
0.746,-0.678574,-0.678441,-0.67844
0.747,-0.679307,-0.679174,-0.679174
0.748,-0.68004,-0.679907,-0.679907
0.749,-0.680773,-0.680639,-0.680639
0.75,-0.681505,-0.68137,-0.68137
0.751,-0.682236,-0.682101,-0.682101
0.752,-0.682966,-0.682831,-0.682831
0.753,-0.683696,-0.68356,-0.68356
0.754,-0.684424,-0.684289,-0.684288
0.755,-0.685153,-0.685017,-0.685016
0.756,-0.68588,-0.685744,-0.685744
0.757,-0.686607,-0.68647,-0.68647
0.758,-0.687333,-0.687196,-0.687196
0.759,-0.688059,-0.687921,-0.687921
0.76,-0.688784,-0.688646,-0.688646
0.761,-0.689508,-0.68937,-0.68937
0.762,-0.690231,-0.690093,-0.690093
0.763,-0.690954,-0.690815,-0.690815
0.764,-0.691676,-0.691537,-0.691537
0.765,-0.692398,-0.692258,-0.692258
0.766,-0.693118,-0.692978,-0.692978
0.767,-0.693838,-0.693698,-0.693698
0.768,-0.694558,-0.694417,-0.694417
0.769,-0.695276,-0.695135,-0.695135
0.77,-0.695994,-0.695853,-0.695853
0.771,-0.696711,-0.69657,-0.696569
0.772,-0.697428,-0.697286,-0.697286
0.773,-0.698144,-0.698001,-0.698001
0.774,-0.698859,-0.698716,-0.698716
0.775,-0.699573,-0.69943,-0.69943
0.776,-0.700287,-0.700143,-0.700143
0.777,-0.701,-0.700856,-0.700856
0.778,-0.701712,-0.701568,-0.701568
0.779,-0.702424,-0.702279,-0.702279
0.78,-0.703135,-0.70299,-0.70299
0.781,-0.703845,-0.7037,-0.7037
0.782,-0.704555,-0.704409,-0.704409
0.783,-0.705263,-0.705117,-0.705117
0.784,-0.705971,-0.705825,-0.705825
0.785,-0.706679,-0.706532,-0.706532
0.786,-0.707385,-0.707238,-0.707238
0.787,-0.708091,-0.707944,-0.707944
0.788,-0.708797,-0.708649,-0.708649
0.789,-0.709501,-0.709353,-0.709353
0.79,-0.710205,-0.710057,-0.710057
0.791,-0.710908,-0.710759,-0.710759
0.792,-0.711611,-0.711462,-0.711461
0.793,-0.712312,-0.712163,-0.712163
0.794,-0.713013,-0.712864,-0.712863
0.795,-0.713714,-0.713563,-0.713563
0.796,-0.714413,-0.714263,-0.714263
0.797,-0.715112,-0.714961,-0.714961
0.798,-0.71581,-0.715659,-0.715659
0.799,-0.716508,-0.716356,-0.716356
0.8,-0.717204,-0.717052,-0.717052
0.801,-0.7179,-0.717748,-0.717748
0.802,-0.718596,-0.718443,-0.718443
0.803,-0.71929,-0.719137,-0.719137
0.804,-0.719984,-0.719831,-0.71983
0.805,-0.720677,-0.720523,-0.720523
0.806,-0.72137,-0.721215,-0.721215
0.807,-0.722061,-0.721907,-0.721907
0.808,-0.722752,-0.722597,-0.722597
0.809,-0.723442,-0.723287,-0.723287
0.81,-0.724132,-0.723976,-0.723976
0.811,-0.724821,-0.724665,-0.724665
0.812,-0.725509,-0.725352,-0.725352
0.813,-0.726196,-0.726039,-0.726039
0.814,-0.726883,-0.726726,-0.726725
0.815,-0.727568,-0.727411,-0.727411
0.816,-0.728254,-0.728096,-0.728096
0.817,-0.728938,-0.72878,-0.72878
0.818,-0.729622,-0.729463,-0.729463
0.819,-0.730305,-0.730146,-0.730146
0.82,-0.730987,-0.730828,-0.730828
0.821,-0.731668,-0.731509,-0.731509
0.822,-0.732349,-0.732189,-0.732189
0.823,-0.733029,-0.732869,-0.732869
0.824,-0.733708,-0.733548,-0.733548
0.825,-0.734387,-0.734226,-0.734226
0.826,-0.735065,-0.734903,-0.734903
0.827,-0.735742,-0.73558,-0.73558
0.828,-0.736418,-0.736256,-0.736256
0.829,-0.737094,-0.736931,-0.736931
0.83,-0.737769,-0.737606,-0.737606
0.831,-0.738443,-0.73828,-0.738279
0.832,-0.739116,-0.738953,-0.738952
0.833,-0.739789,-0.739625,-0.739625
0.834,-0.740461,-0.740296,-0.740296
0.835,-0.741132,-0.740967,-0.740967
0.836,-0.741802,-0.741637,-0.741637
0.837,-0.742472,-0.742307,-0.742307
0.838,-0.743141,-0.742975,-0.742975
0.839,-0.743809,-0.743643,-0.743643
0.84,-0.744477,-0.74431,-0.74431
0.841,-0.745144,-0.744976,-0.744976
0.842,-0.745809,-0.745642,-0.745642
0.843,-0.746475,-0.746307,-0.746307
0.844,-0.747139,-0.746971,-0.746971
0.845,-0.747803,-0.747634,-0.747634
0.846,-0.748466,-0.748297,-0.748297
0.847,-0.749128,-0.748959,-0.748959
0.848,-0.74979,-0.74962,-0.74962
0.849,-0.75045,-0.75028,-0.75028
0.85,-0.75111,-0.75094,-0.75094
0.851,-0.75177,-0.751599,-0.751599
0.852,-0.752428,-0.752257,-0.752257
0.853,-0.753086,-0.752914,-0.752914
0.854,-0.753743,-0.753571,-0.753571
0.855,-0.754399,-0.754227,-0.754227
0.856,-0.755054,-0.754882,-0.754882
0.857,-0.755709,-0.755536,-0.755536
0.858,-0.756363,-0.75619,-0.75619
0.859,-0.757016,-0.756842,-0.756842
0.86,-0.757669,-0.757495,-0.757494
0.861,-0.75832,-0.758146,-0.758146
0.862,-0.758971,-0.758796,-0.758796
0.863,-0.759621,-0.759446,-0.759446
0.864,-0.760271,-0.760095,-0.760095
0.865,-0.76092,-0.760743,-0.760743
0.866,-0.761567,-0.761391,-0.761391
0.867,-0.762215,-0.762038,-0.762038
0.868,-0.762861,-0.762684,-0.762684
0.869,-0.763506,-0.763329,-0.763329
0.87,-0.764151,-0.763973,-0.763973
0.871,-0.764795,-0.764617,-0.764617
0.872,-0.765439,-0.76526,-0.76526
0.873,-0.766081,-0.765902,-0.765902
0.874,-0.766723,-0.766543,-0.766543
0.875,-0.767364,-0.767184,-0.767184
0.876,-0.768004,-0.767824,-0.767824
0.877,-0.768644,-0.768463,-0.768463
0.878,-0.769282,-0.769101,-0.769101
0.879,-0.76992,-0.769739,-0.769739
0.88,-0.770557,-0.770376,-0.770375
0.881,-0.771194,-0.771012,-0.771011
0.882,-0.771829,-0.771647,-0.771647
0.883,-0.772464,-0.772281,-0.772281
0.884,-0.773098,-0.772915,-0.772915
0.885,-0.773732,-0.773548,-0.773548
0.886,-0.774364,-0.77418,-0.77418
0.887,-0.774996,-0.774811,-0.774811
0.888,-0.775627,-0.775442,-0.775442
0.889,-0.776257,-0.776072,-0.776072
0.89,-0.776886,-0.776701,-0.776701
0.891,-0.777515,-0.777329,-0.777329
0.892,-0.778143,-0.777956,-0.777956
0.893,-0.77877,-0.778583,-0.778583
0.894,-0.779396,-0.779209,-0.779209
0.895,-0.780022,-0.779834,-0.779834
0.896,-0.780647,-0.780458,-0.780458
0.897,-0.78127,-0.781082,-0.781082
0.898,-0.781894,-0.781705,-0.781705
0.899,-0.782516,-0.782327,-0.782327
0.9,-0.783138,-0.782948,-0.782948
0.901,-0.783758,-0.783568,-0.783568
0.902,-0.784379,-0.784188,-0.784188
0.903,-0.784998,-0.784807,-0.784807
0.904,-0.785616,-0.785425,-0.785425
0.905,-0.786234,-0.786042,-0.786042
0.906,-0.786851,-0.786659,-0.786659
0.907,-0.787467,-0.787275,-0.787274
0.908,-0.788082,-0.78789,-0.787889
0.909,-0.788697,-0.788504,-0.788504
0.91,-0.789311,-0.789117,-0.789117
0.911,-0.789924,-0.78973,-0.789729
0.912,-0.790536,-0.790341,-0.790341
0.913,-0.791147,-0.790952,-0.790952
0.914,-0.791758,-0.791563,-0.791562
0.915,-0.792367,-0.792172,-0.792172
0.916,-0.792976,-0.792781,-0.79278
0.917,-0.793585,-0.793388,-0.793388
0.918,-0.794192,-0.793995,-0.793995
0.919,-0.794799,-0.794602,-0.794601
0.92,-0.795404,-0.795207,-0.795207
0.921,-0.796009,-0.795812,-0.795811
0.922,-0.796614,-0.796415,-0.796415
0.923,-0.797217,-0.797018,-0.797018
0.924,-0.79782,-0.797621,-0.797621
0.925,-0.798422,-0.798222,-0.798222
0.926,-0.799023,-0.798823,-0.798823
0.927,-0.799623,-0.799423,-0.799422
0.928,-0.800222,-0.800022,-0.800022
0.929,-0.800821,-0.80062,-0.80062
0.93,-0.801419,-0.801217,-0.801217
0.931,-0.802016,-0.801814,-0.801814
0.932,-0.802612,-0.80241,-0.80241
0.933,-0.803207,-0.803005,-0.803005
0.934,-0.803802,-0.803599,-0.803599
0.935,-0.804396,-0.804192,-0.804192
0.936,-0.804989,-0.804785,-0.804785
0.937,-0.805581,-0.805377,-0.805377
0.938,-0.806173,-0.805968,-0.805968
0.939,-0.806763,-0.806558,-0.806558
0.94,-0.807353,-0.807147,-0.807147
0.941,-0.807942,-0.807736,-0.807736
0.942,-0.80853,-0.808324,-0.808324
0.943,-0.809117,-0.808911,-0.808911
0.944,-0.809704,-0.809497,-0.809497
0.945,-0.81029,-0.810082,-0.810082
0.946,-0.810875,-0.810667,-0.810667
0.947,-0.811459,-0.81125,-0.81125
0.948,-0.812042,-0.811833,-0.811833
0.949,-0.812625,-0.812415,-0.812415
0.95,-0.813206,-0.812997,-0.812997
0.951,-0.813787,-0.813577,-0.813577
0.952,-0.814367,-0.814157,-0.814157
0.953,-0.814946,-0.814736,-0.814736
0.954,-0.815525,-0.815314,-0.815314
0.955,-0.816102,-0.815891,-0.815891
0.956,-0.816679,-0.816467,-0.816467
0.957,-0.817255,-0.817043,-0.817043
0.958,-0.81783,-0.817618,-0.817617
0.959,-0.818405,-0.818192,-0.818191
0.96,-0.818978,-0.818765,-0.818764
0.961,-0.819551,-0.819337,-0.819337
0.962,-0.820123,-0.819908,-0.819908
0.963,-0.820694,-0.820479,-0.820479
0.964,-0.821264,-0.821049,-0.821049
0.965,-0.821834,-0.821618,-0.821618
0.966,-0.822402,-0.822186,-0.822186
0.967,-0.82297,-0.822753,-0.822753
0.968,-0.823537,-0.82332,-0.82332
0.969,-0.824103,-0.823886,-0.823886
0.97,-0.824668,-0.824451,-0.82445
0.971,-0.825233,-0.825015,-0.825014
0.972,-0.825796,-0.825578,-0.825578
0.973,-0.826359,-0.82614,-0.82614
0.974,-0.826921,-0.826702,-0.826702
0.975,-0.827482,-0.827263,-0.827262
0.976,-0.828043,-0.827822,-0.827822
0.977,-0.828602,-0.828382,-0.828381
0.978,-0.829161,-0.82894,-0.82894
0.979,-0.829719,-0.829497,-0.829497
0.98,-0.830276,-0.830054,-0.830054
0.981,-0.830832,-0.83061,-0.83061
0.982,-0.831387,-0.831165,-0.831164
0.983,-0.831942,-0.831719,-0.831719
0.984,-0.832496,-0.832272,-0.832272
0.985,-0.833048,-0.832824,-0.832824
0.986,-0.8336,-0.833376,-0.833376
0.987,-0.834152,-0.833927,-0.833927
0.988,-0.834702,-0.834477,-0.834477
0.989,-0.835252,-0.835026,-0.835026
0.99,-0.8358,-0.835574,-0.835574
0.991,-0.836348,-0.836122,-0.836121
0.992,-0.836895,-0.836668,-0.836668
0.993,-0.837441,-0.837214,-0.837214
0.994,-0.837987,-0.837759,-0.837759
0.995,-0.838531,-0.838303,-0.838303
0.996,-0.839075,-0.838846,-0.838846
0.997,-0.839618,-0.839389,-0.839388
0.998,-0.84016,-0.83993,-0.83993
0.999,-0.840701,-0.840471,-0.840548
1,-0.841241,-0.841241,-0.841241
